;0;1;2;3
0;-1.0;0.0;-0.0;2.0
1;-1.0;0.0;0.2;1.8
2;-1.0;0.0;0.4;1.6
3;-1.0;0.0;0.6;1.4
4;-1.0;0.0;0.8;1.2
5;-1.0;0.0;1.0;1.0
6;-1.0;0.0;1.2;0.8
7;-1.0;0.0;1.4;0.6
8;-1.0;0.0;1.6;0.4
9;-1.0;0.0;1.8;0.2
10;-1.0;0.0;2.0;0.0
11;-1.0;0.2;-0.2;2.0
12;-1.0;0.2;0.0;1.8
13;-1.0;0.2;0.2;1.6
14;-1.0;0.2;0.4;1.4
15;-1.0;0.2;0.6;1.2
16;-1.0;0.2;0.8;1.0
17;-1.0;0.2;1.0;0.8
18;-1.0;0.2;1.2;0.6
19;-1.0;0.2;1.4;0.4
20;-1.0;0.2;1.6;0.2
21;-1.0;0.2;1.8;0.0
22;-1.0;0.2;2.0;-0.2
23;-1.0;0.4;-0.4;2.0
24;-1.0;0.4;-0.2;1.8
25;-1.0;0.4;0.0;1.6
26;-1.0;0.4;0.2;1.4
27;-1.0;0.4;0.4;1.2
28;-1.0;0.4;0.6;1.0
29;-1.0;0.4;0.8;0.8
30;-1.0;0.4;1.0;0.6
31;-1.0;0.4;1.2;0.4
32;-1.0;0.4;1.4;0.2
33;-1.0;0.4;1.6;0.0
34;-1.0;0.4;1.8;-0.2
35;-1.0;0.4;2.0;-0.4
36;-1.0;0.6000000000000001;-0.6;2.0
37;-1.0;0.6000000000000001;-0.4;1.8
38;-1.0;0.6000000000000001;-0.2;1.6
39;-1.0;0.6000000000000001;0.0;1.4
40;-1.0;0.6000000000000001;0.2;1.2
41;-1.0;0.6000000000000001;0.4;1.0
42;-1.0;0.6000000000000001;0.6;0.8
43;-1.0;0.6000000000000001;0.8;0.6
44;-1.0;0.6000000000000001;1.0;0.4
45;-1.0;0.6000000000000001;1.2;0.2
46;-1.0;0.6000000000000001;1.4;0.0
47;-1.0;0.6000000000000001;1.6;-0.2
48;-1.0;0.6000000000000001;1.8;-0.4
49;-1.0;0.6000000000000001;2.0;-0.6
50;-1.0;0.8;-0.8;2.0
51;-1.0;0.8;-0.6;1.8
52;-1.0;0.8;-0.4;1.6
53;-1.0;0.8;-0.2;1.4
54;-1.0;0.8;0.0;1.2
55;-1.0;0.8;0.2;1.0
56;-1.0;0.8;0.4;0.8
57;-1.0;0.8;0.6;0.6
58;-1.0;0.8;0.8;0.4
59;-1.0;0.8;1.0;0.2
60;-1.0;0.8;1.2;0.0
61;-1.0;0.8;1.4;-0.2
62;-1.0;0.8;1.6;-0.4
63;-1.0;0.8;1.8;-0.6
64;-1.0;0.8;2.0;-0.8
65;-1.0;1.0;-1.0;2.0
66;-1.0;1.0;-0.8;1.8
67;-1.0;1.0;-0.6;1.6
68;-1.0;1.0;-0.4;1.4
69;-1.0;1.0;-0.2;1.2
70;-1.0;1.0;0.0;1.0
71;-1.0;1.0;0.2;0.8
72;-1.0;1.0;0.4;0.6
73;-1.0;1.0;0.6;0.4
74;-1.0;1.0;0.8;0.2
75;-1.0;1.0;1.0;0.0
76;-1.0;1.0;1.2;-0.2
77;-1.0;1.0;1.4;-0.4
78;-1.0;1.0;1.6;-0.6
79;-1.0;1.0;1.8;-0.8
80;-1.0;1.0;2.0;-1.0
81;-1.0;1.2000000000000002;-1.0;1.8
82;-1.0;1.2000000000000002;-0.8;1.6
83;-1.0;1.2000000000000002;-0.6;1.4
84;-1.0;1.2000000000000002;-0.4;1.2
85;-1.0;1.2000000000000002;-0.2;1.0
86;-1.0;1.2000000000000002;0.0;0.8
87;-1.0;1.2000000000000002;0.2;0.6
88;-1.0;1.2000000000000002;0.4;0.4
89;-1.0;1.2000000000000002;0.6;0.2
90;-1.0;1.2000000000000002;0.8;-0.0
91;-1.0;1.2000000000000002;1.0;-0.2
92;-1.0;1.2000000000000002;1.2;-0.4
93;-1.0;1.2000000000000002;1.4;-0.6
94;-1.0;1.2000000000000002;1.6;-0.8
95;-1.0;1.2000000000000002;1.8;-1.0
96;-1.0;1.4000000000000001;-1.0;1.6
97;-1.0;1.4000000000000001;-0.8;1.4
98;-1.0;1.4000000000000001;-0.6;1.2
99;-1.0;1.4000000000000001;-0.4;1.0
100;-1.0;1.4000000000000001;-0.2;0.8
101;-1.0;1.4000000000000001;0.0;0.6
102;-1.0;1.4000000000000001;0.2;0.4
103;-1.0;1.4000000000000001;0.4;0.2
104;-1.0;1.4000000000000001;0.6;-0.0
105;-1.0;1.4000000000000001;0.8;-0.2
106;-1.0;1.4000000000000001;1.0;-0.4
107;-1.0;1.4000000000000001;1.2;-0.6
108;-1.0;1.4000000000000001;1.4;-0.8
109;-1.0;1.4000000000000001;1.6;-1.0
110;-1.0;1.6;-1.0;1.4
111;-1.0;1.6;-0.8;1.2
112;-1.0;1.6;-0.6;1.0
113;-1.0;1.6;-0.4;0.8
114;-1.0;1.6;-0.2;0.6
115;-1.0;1.6;0.0;0.4
116;-1.0;1.6;0.2;0.2
117;-1.0;1.6;0.4;-0.0
118;-1.0;1.6;0.6;-0.2
119;-1.0;1.6;0.8;-0.4
120;-1.0;1.6;1.0;-0.6
121;-1.0;1.6;1.2;-0.8
122;-1.0;1.6;1.4;-1.0
123;-1.0;1.8;-1.0;1.2
124;-1.0;1.8;-0.8;1.0
125;-1.0;1.8;-0.6;0.8
126;-1.0;1.8;-0.4;0.6
127;-1.0;1.8;-0.2;0.4
128;-1.0;1.8;0.0;0.2
129;-1.0;1.8;0.2;-0.0
130;-1.0;1.8;0.4;-0.2
131;-1.0;1.8;0.6;-0.4
132;-1.0;1.8;0.8;-0.6
133;-1.0;1.8;1.0;-0.8
134;-1.0;1.8;1.2;-1.0
135;-1.0;2.0;0.0;0.0
136;-0.8;-0.19999999999999996;-0.0;2.0
137;-0.8;-0.19999999999999996;0.2;1.8
138;-0.8;-0.19999999999999996;0.4;1.6
139;-0.8;-0.19999999999999996;0.6;1.4
140;-0.8;-0.19999999999999996;0.8;1.2
141;-0.8;-0.19999999999999996;1.0;1.0
142;-0.8;-0.19999999999999996;1.2;0.8
143;-0.8;-0.19999999999999996;1.4;0.6
144;-0.8;-0.19999999999999996;1.6;0.4
145;-0.8;-0.19999999999999996;1.8;0.2
146;-0.8;-0.19999999999999996;2.0;0.0
147;-0.8;5.551115123125783e-17;-0.2;2.0
148;-0.8;5.551115123125783e-17;0.0;1.8
149;-0.8;5.551115123125783e-17;0.2;1.6
150;-0.8;5.551115123125783e-17;0.4;1.4
151;-0.8;5.551115123125783e-17;0.6;1.2
152;-0.8;5.551115123125783e-17;0.8;1.0
153;-0.8;5.551115123125783e-17;1.0;0.8
154;-0.8;5.551115123125783e-17;1.2;0.6
155;-0.8;5.551115123125783e-17;1.4;0.4
156;-0.8;5.551115123125783e-17;1.6;0.2
157;-0.8;5.551115123125783e-17;1.8;0.0
158;-0.8;5.551115123125783e-17;2.0;-0.2
159;-0.8;0.20000000000000007;-0.4;2.0
160;-0.8;0.20000000000000007;-0.2;1.8
161;-0.8;0.20000000000000007;0.0;1.6
162;-0.8;0.20000000000000007;0.2;1.4
163;-0.8;0.20000000000000007;0.4;1.2
164;-0.8;0.20000000000000007;0.6;1.0
165;-0.8;0.20000000000000007;0.8;0.8
166;-0.8;0.20000000000000007;1.0;0.6
167;-0.8;0.20000000000000007;1.2;0.4
168;-0.8;0.20000000000000007;1.4;0.2
169;-0.8;0.20000000000000007;1.6;0.0
170;-0.8;0.20000000000000007;1.8;-0.2
171;-0.8;0.20000000000000007;2.0;-0.4
172;-0.8;0.40000000000000013;-0.6;2.0
173;-0.8;0.40000000000000013;-0.4;1.8
174;-0.8;0.40000000000000013;-0.2;1.6
175;-0.8;0.40000000000000013;0.0;1.4
176;-0.8;0.40000000000000013;0.2;1.2
177;-0.8;0.40000000000000013;0.4;1.0
178;-0.8;0.40000000000000013;0.6;0.8
179;-0.8;0.40000000000000013;0.8;0.6
180;-0.8;0.40000000000000013;1.0;0.4
181;-0.8;0.40000000000000013;1.2;0.2
182;-0.8;0.40000000000000013;1.4;0.0
183;-0.8;0.40000000000000013;1.6;-0.2
184;-0.8;0.40000000000000013;1.8;-0.4
185;-0.8;0.40000000000000013;2.0;-0.6
186;-0.8;0.6000000000000001;-0.8;2.0
187;-0.8;0.6000000000000001;-0.6;1.8
188;-0.8;0.6000000000000001;-0.4;1.6
189;-0.8;0.6000000000000001;-0.2;1.4
190;-0.8;0.6000000000000001;0.0;1.2
191;-0.8;0.6000000000000001;0.2;1.0
192;-0.8;0.6000000000000001;0.4;0.8
193;-0.8;0.6000000000000001;0.6;0.6
194;-0.8;0.6000000000000001;0.8;0.4
195;-0.8;0.6000000000000001;1.0;0.2
196;-0.8;0.6000000000000001;1.2;0.0
197;-0.8;0.6000000000000001;1.4;-0.2
198;-0.8;0.6000000000000001;1.6;-0.4
199;-0.8;0.6000000000000001;1.8;-0.6
200;-0.8;0.6000000000000001;2.0;-0.8
201;-0.8;0.8;-1.0;2.0
202;-0.8;0.8;-0.8;1.8
203;-0.8;0.8;-0.6;1.6
204;-0.8;0.8;-0.4;1.4
205;-0.8;0.8;-0.2;1.2
206;-0.8;0.8;0.0;1.0
207;-0.8;0.8;0.2;0.8
208;-0.8;0.8;0.4;0.6
209;-0.8;0.8;0.6;0.4
210;-0.8;0.8;0.8;0.2
211;-0.8;0.8;1.0;0.0
212;-0.8;0.8;1.2;-0.2
213;-0.8;0.8;1.4;-0.4
214;-0.8;0.8;1.6;-0.6
215;-0.8;0.8;1.8;-0.8
216;-0.8;0.8;2.0;-1.0
217;-0.8;1.0000000000000002;-1.0;1.8
218;-0.8;1.0000000000000002;-0.8;1.6
219;-0.8;1.0000000000000002;-0.6;1.4
220;-0.8;1.0000000000000002;-0.4;1.2
221;-0.8;1.0000000000000002;-0.2;1.0
222;-0.8;1.0000000000000002;0.0;0.8
223;-0.8;1.0000000000000002;0.2;0.6
224;-0.8;1.0000000000000002;0.4;0.4
225;-0.8;1.0000000000000002;0.6;0.2
226;-0.8;1.0000000000000002;0.8;-0.0
227;-0.8;1.0000000000000002;1.0;-0.2
228;-0.8;1.0000000000000002;1.2;-0.4
229;-0.8;1.0000000000000002;1.4;-0.6
230;-0.8;1.0000000000000002;1.6;-0.8
231;-0.8;1.0000000000000002;1.8;-1.0
232;-0.8;1.2000000000000002;-1.0;1.6
233;-0.8;1.2000000000000002;-0.8;1.4
234;-0.8;1.2000000000000002;-0.6;1.2
235;-0.8;1.2000000000000002;-0.4;1.0
236;-0.8;1.2000000000000002;-0.2;0.8
237;-0.8;1.2000000000000002;0.0;0.6
238;-0.8;1.2000000000000002;0.2;0.4
239;-0.8;1.2000000000000002;0.4;0.2
240;-0.8;1.2000000000000002;0.6;-0.0
241;-0.8;1.2000000000000002;0.8;-0.2
242;-0.8;1.2000000000000002;1.0;-0.4
243;-0.8;1.2000000000000002;1.2;-0.6
244;-0.8;1.2000000000000002;1.4;-0.8
245;-0.8;1.2000000000000002;1.6;-1.0
246;-0.8;1.4000000000000001;-1.0;1.4
247;-0.8;1.4000000000000001;-0.8;1.2
248;-0.8;1.4000000000000001;-0.6;1.0
249;-0.8;1.4000000000000001;-0.4;0.8
250;-0.8;1.4000000000000001;-0.2;0.6
251;-0.8;1.4000000000000001;0.0;0.4
252;-0.8;1.4000000000000001;0.2;0.2
253;-0.8;1.4000000000000001;0.4;-0.0
254;-0.8;1.4000000000000001;0.6;-0.2
255;-0.8;1.4000000000000001;0.8;-0.4
256;-0.8;1.4000000000000001;1.0;-0.6
257;-0.8;1.4000000000000001;1.2;-0.8
258;-0.8;1.4000000000000001;1.4;-1.0
259;-0.8;1.6;-1.0;1.2
260;-0.8;1.6;-0.8;1.0
261;-0.8;1.6;-0.6;0.8
262;-0.8;1.6;-0.4;0.6
263;-0.8;1.6;-0.2;0.4
264;-0.8;1.6;0.0;0.2
265;-0.8;1.6;0.2;-0.0
266;-0.8;1.6;0.4;-0.2
267;-0.8;1.6;0.6;-0.4
268;-0.8;1.6;0.8;-0.6
269;-0.8;1.6;1.0;-0.8
270;-0.8;1.6;1.2;-1.0
271;-0.8;1.8;0.0;0.0
272;-0.8;2.0;-1.0;0.8
273;-0.8;2.0;-0.8;0.6
274;-0.8;2.0;-0.6;0.4
275;-0.8;2.0;-0.4;0.2
276;-0.8;2.0;-0.2;-0.0
277;-0.8;2.0;0.0;-0.2
278;-0.8;2.0;0.2;-0.4
279;-0.8;2.0;0.4;-0.6
280;-0.8;2.0;0.6;-0.8
281;-0.8;2.0;0.8;-1.0
282;-0.6;-0.4;-0.0;2.0
283;-0.6;-0.4;0.2;1.8
284;-0.6;-0.4;0.4;1.6
285;-0.6;-0.4;0.6;1.4
286;-0.6;-0.4;0.8;1.2
287;-0.6;-0.4;1.0;1.0
288;-0.6;-0.4;1.2;0.8
289;-0.6;-0.4;1.4;0.6
290;-0.6;-0.4;1.6;0.4
291;-0.6;-0.4;1.8;0.2
292;-0.6;-0.4;2.0;0.0
293;-0.6;-0.2;-0.2;2.0
294;-0.6;-0.2;0.0;1.8
295;-0.6;-0.2;0.2;1.6
296;-0.6;-0.2;0.4;1.4
297;-0.6;-0.2;0.6;1.2
298;-0.6;-0.2;0.8;1.0
299;-0.6;-0.2;1.0;0.8
300;-0.6;-0.2;1.2;0.6
301;-0.6;-0.2;1.4;0.4
302;-0.6;-0.2;1.6;0.2
303;-0.6;-0.2;1.8;0.0
304;-0.6;-0.2;2.0;-0.2
305;-0.6;0.0;-0.4;2.0
306;-0.6;0.0;-0.2;1.8
307;-0.6;0.0;0.0;1.6
308;-0.6;0.0;0.2;1.4
309;-0.6;0.0;0.4;1.2
310;-0.6;0.0;0.6;1.0
311;-0.6;0.0;0.8;0.8
312;-0.6;0.0;1.0;0.6
313;-0.6;0.0;1.2;0.4
314;-0.6;0.0;1.4;0.2
315;-0.6;0.0;1.6;0.0
316;-0.6;0.0;1.8;-0.2
317;-0.6;0.0;2.0;-0.4
318;-0.6;0.20000000000000007;-0.6;2.0
319;-0.6;0.20000000000000007;-0.4;1.8
320;-0.6;0.20000000000000007;-0.2;1.6
321;-0.6;0.20000000000000007;0.0;1.4
322;-0.6;0.20000000000000007;0.2;1.2
323;-0.6;0.20000000000000007;0.4;1.0
324;-0.6;0.20000000000000007;0.6;0.8
325;-0.6;0.20000000000000007;0.8;0.6
326;-0.6;0.20000000000000007;1.0;0.4
327;-0.6;0.20000000000000007;1.2;0.2
328;-0.6;0.20000000000000007;1.4;0.0
329;-0.6;0.20000000000000007;1.6;-0.2
330;-0.6;0.20000000000000007;1.8;-0.4
331;-0.6;0.20000000000000007;2.0;-0.6
332;-0.6;0.4;-0.8;2.0
333;-0.6;0.4;-0.6;1.8
334;-0.6;0.4;-0.4;1.6
335;-0.6;0.4;-0.2;1.4
336;-0.6;0.4;0.0;1.2
337;-0.6;0.4;0.2;1.0
338;-0.6;0.4;0.4;0.8
339;-0.6;0.4;0.6;0.6
340;-0.6;0.4;0.8;0.4
341;-0.6;0.4;1.0;0.2
342;-0.6;0.4;1.2;0.0
343;-0.6;0.4;1.4;-0.2
344;-0.6;0.4;1.6;-0.4
345;-0.6;0.4;1.8;-0.6
346;-0.6;0.4;2.0;-0.8
347;-0.6;0.6;-1.0;2.0
348;-0.6;0.6;-0.8;1.8
349;-0.6;0.6;-0.6;1.6
350;-0.6;0.6;-0.4;1.4
351;-0.6;0.6;-0.2;1.2
352;-0.6;0.6;0.0;1.0
353;-0.6;0.6;0.2;0.8
354;-0.6;0.6;0.4;0.6
355;-0.6;0.6;0.6;0.4
356;-0.6;0.6;0.8;0.2
357;-0.6;0.6;1.0;0.0
358;-0.6;0.6;1.2;-0.2
359;-0.6;0.6;1.4;-0.4
360;-0.6;0.6;1.6;-0.6
361;-0.6;0.6;1.8;-0.8
362;-0.6;0.6;2.0;-1.0
363;-0.6;0.8000000000000002;-1.0;1.8
364;-0.6;0.8000000000000002;-0.8;1.6
365;-0.6;0.8000000000000002;-0.6;1.4
366;-0.6;0.8000000000000002;-0.4;1.2
367;-0.6;0.8000000000000002;-0.2;1.0
368;-0.6;0.8000000000000002;0.0;0.8
369;-0.6;0.8000000000000002;0.2;0.6
370;-0.6;0.8000000000000002;0.4;0.4
371;-0.6;0.8000000000000002;0.6;0.2
372;-0.6;0.8000000000000002;0.8;-0.0
373;-0.6;0.8000000000000002;1.0;-0.2
374;-0.6;0.8000000000000002;1.2;-0.4
375;-0.6;0.8000000000000002;1.4;-0.6
376;-0.6;0.8000000000000002;1.6;-0.8
377;-0.6;0.8000000000000002;1.8;-1.0
378;-0.6;1.0;-1.0;1.6
379;-0.6;1.0;-0.8;1.4
380;-0.6;1.0;-0.6;1.2
381;-0.6;1.0;-0.4;1.0
382;-0.6;1.0;-0.2;0.8
383;-0.6;1.0;0.0;0.6
384;-0.6;1.0;0.2;0.4
385;-0.6;1.0;0.4;0.2
386;-0.6;1.0;0.6;-0.0
387;-0.6;1.0;0.8;-0.2
388;-0.6;1.0;1.0;-0.4
389;-0.6;1.0;1.2;-0.6
390;-0.6;1.0;1.4;-0.8
391;-0.6;1.0;1.6;-1.0
392;-0.6;1.2000000000000002;-1.0;1.4
393;-0.6;1.2000000000000002;-0.8;1.2
394;-0.6;1.2000000000000002;-0.6;1.0
395;-0.6;1.2000000000000002;-0.4;0.8
396;-0.6;1.2000000000000002;-0.2;0.6
397;-0.6;1.2000000000000002;0.0;0.4
398;-0.6;1.2000000000000002;0.2;0.2
399;-0.6;1.2000000000000002;0.4;-0.0
400;-0.6;1.2000000000000002;0.6;-0.2
401;-0.6;1.2000000000000002;0.8;-0.4
402;-0.6;1.2000000000000002;1.0;-0.6
403;-0.6;1.2000000000000002;1.2;-0.8
404;-0.6;1.2000000000000002;1.4;-1.0
405;-0.6;1.4;-1.0;1.2
406;-0.6;1.4;-0.8;1.0
407;-0.6;1.4;-0.6;0.8
408;-0.6;1.4;-0.4;0.6
409;-0.6;1.4;-0.2;0.4
410;-0.6;1.4;0.0;0.2
411;-0.6;1.4;0.2;-0.0
412;-0.6;1.4;0.4;-0.2
413;-0.6;1.4;0.6;-0.4
414;-0.6;1.4;0.8;-0.6
415;-0.6;1.4;1.0;-0.8
416;-0.6;1.4;1.2;-1.0
417;-0.6;1.6;0.0;0.0
418;-0.6;1.8000000000000003;-1.0;0.8
419;-0.6;1.8000000000000003;-0.8;0.6
420;-0.6;1.8000000000000003;-0.6;0.4
421;-0.6;1.8000000000000003;-0.4;0.2
422;-0.6;1.8000000000000003;-0.2;-0.0
423;-0.6;1.8000000000000003;0.0;-0.2
424;-0.6;1.8000000000000003;0.2;-0.4
425;-0.6;1.8000000000000003;0.4;-0.6
426;-0.6;1.8000000000000003;0.6;-0.8
427;-0.6;1.8000000000000003;0.8;-1.0
428;-0.6;2.0000000000000004;-1.0;0.6
429;-0.6;2.0000000000000004;-0.8;0.4
430;-0.6;2.0000000000000004;-0.6;0.2
431;-0.6;2.0000000000000004;-0.4;-0.0
432;-0.6;2.0000000000000004;-0.2;-0.2
433;-0.6;2.0000000000000004;0.0;-0.4
434;-0.6;2.0000000000000004;0.2;-0.6
435;-0.6;2.0000000000000004;0.4;-0.8
436;-0.6;2.0000000000000004;0.6;-1.0
437;-0.3999999999999999;-0.6000000000000001;-0.0;2.0
438;-0.3999999999999999;-0.6000000000000001;0.2;1.8
439;-0.3999999999999999;-0.6000000000000001;0.4;1.6
440;-0.3999999999999999;-0.6000000000000001;0.6;1.4
441;-0.3999999999999999;-0.6000000000000001;0.8;1.2
442;-0.3999999999999999;-0.6000000000000001;1.0;1.0
443;-0.3999999999999999;-0.6000000000000001;1.2;0.8
444;-0.3999999999999999;-0.6000000000000001;1.4;0.6
445;-0.3999999999999999;-0.6000000000000001;1.6;0.4
446;-0.3999999999999999;-0.6000000000000001;1.8;0.2
447;-0.3999999999999999;-0.6000000000000001;2.0;0.0
448;-0.3999999999999999;-0.4000000000000001;-0.2;2.0
449;-0.3999999999999999;-0.4000000000000001;0.0;1.8
450;-0.3999999999999999;-0.4000000000000001;0.2;1.6
451;-0.3999999999999999;-0.4000000000000001;0.4;1.4
452;-0.3999999999999999;-0.4000000000000001;0.6;1.2
453;-0.3999999999999999;-0.4000000000000001;0.8;1.0
454;-0.3999999999999999;-0.4000000000000001;1.0;0.8
455;-0.3999999999999999;-0.4000000000000001;1.2;0.6
456;-0.3999999999999999;-0.4000000000000001;1.4;0.4
457;-0.3999999999999999;-0.4000000000000001;1.6;0.2
458;-0.3999999999999999;-0.4000000000000001;1.8;0.0
459;-0.3999999999999999;-0.4000000000000001;2.0;-0.2
460;-0.3999999999999999;-0.20000000000000007;-0.4;2.0
461;-0.3999999999999999;-0.20000000000000007;-0.2;1.8
462;-0.3999999999999999;-0.20000000000000007;0.0;1.6
463;-0.3999999999999999;-0.20000000000000007;0.2;1.4
464;-0.3999999999999999;-0.20000000000000007;0.4;1.2
465;-0.3999999999999999;-0.20000000000000007;0.6;1.0
466;-0.3999999999999999;-0.20000000000000007;0.8;0.8
467;-0.3999999999999999;-0.20000000000000007;1.0;0.6
468;-0.3999999999999999;-0.20000000000000007;1.2;0.4
469;-0.3999999999999999;-0.20000000000000007;1.4;0.2
470;-0.3999999999999999;-0.20000000000000007;1.6;0.0
471;-0.3999999999999999;-0.20000000000000007;1.8;-0.2
472;-0.3999999999999999;-0.20000000000000007;2.0;-0.4
473;-0.3999999999999999;0.0;-0.6;2.0
474;-0.3999999999999999;0.0;-0.4;1.8
475;-0.3999999999999999;0.0;-0.2;1.6
476;-0.3999999999999999;0.0;0.0;1.4
477;-0.3999999999999999;0.0;0.2;1.2
478;-0.3999999999999999;0.0;0.4;1.0
479;-0.3999999999999999;0.0;0.6;0.8
480;-0.3999999999999999;0.0;0.8;0.6
481;-0.3999999999999999;0.0;1.0;0.4
482;-0.3999999999999999;0.0;1.2;0.2
483;-0.3999999999999999;0.0;1.4;0.0
484;-0.3999999999999999;0.0;1.6;-0.2
485;-0.3999999999999999;0.0;1.8;-0.4
486;-0.3999999999999999;0.0;2.0;-0.6
487;-0.3999999999999999;0.19999999999999996;-0.8;2.0
488;-0.3999999999999999;0.19999999999999996;-0.6;1.8
489;-0.3999999999999999;0.19999999999999996;-0.4;1.6
490;-0.3999999999999999;0.19999999999999996;-0.2;1.4
491;-0.3999999999999999;0.19999999999999996;0.0;1.2
492;-0.3999999999999999;0.19999999999999996;0.2;1.0
493;-0.3999999999999999;0.19999999999999996;0.4;0.8
494;-0.3999999999999999;0.19999999999999996;0.6;0.6
495;-0.3999999999999999;0.19999999999999996;0.8;0.4
496;-0.3999999999999999;0.19999999999999996;1.0;0.2
497;-0.3999999999999999;0.19999999999999996;1.2;0.0
498;-0.3999999999999999;0.19999999999999996;1.4;-0.2
499;-0.3999999999999999;0.19999999999999996;1.6;-0.4
500;-0.3999999999999999;0.19999999999999996;1.8;-0.6
501;-0.3999999999999999;0.19999999999999996;2.0;-0.8
502;-0.3999999999999999;0.3999999999999999;-1.0;2.0
503;-0.3999999999999999;0.3999999999999999;-0.8;1.8
504;-0.3999999999999999;0.3999999999999999;-0.6;1.6
505;-0.3999999999999999;0.3999999999999999;-0.4;1.4
506;-0.3999999999999999;0.3999999999999999;-0.2;1.2
507;-0.3999999999999999;0.3999999999999999;0.0;1.0
508;-0.3999999999999999;0.3999999999999999;0.2;0.8
509;-0.3999999999999999;0.3999999999999999;0.4;0.6
510;-0.3999999999999999;0.3999999999999999;0.6;0.4
511;-0.3999999999999999;0.3999999999999999;0.8;0.2
512;-0.3999999999999999;0.3999999999999999;1.0;0.0
513;-0.3999999999999999;0.3999999999999999;1.2;-0.2
514;-0.3999999999999999;0.3999999999999999;1.4;-0.4
515;-0.3999999999999999;0.3999999999999999;1.6;-0.6
516;-0.3999999999999999;0.3999999999999999;1.8;-0.8
517;-0.3999999999999999;0.3999999999999999;2.0;-1.0
518;-0.3999999999999999;0.6000000000000001;-1.0;1.8
519;-0.3999999999999999;0.6000000000000001;-0.8;1.6
520;-0.3999999999999999;0.6000000000000001;-0.6;1.4
521;-0.3999999999999999;0.6000000000000001;-0.4;1.2
522;-0.3999999999999999;0.6000000000000001;-0.2;1.0
523;-0.3999999999999999;0.6000000000000001;0.0;0.8
524;-0.3999999999999999;0.6000000000000001;0.2;0.6
525;-0.3999999999999999;0.6000000000000001;0.4;0.4
526;-0.3999999999999999;0.6000000000000001;0.6;0.2
527;-0.3999999999999999;0.6000000000000001;0.8;-0.0
528;-0.3999999999999999;0.6000000000000001;1.0;-0.2
529;-0.3999999999999999;0.6000000000000001;1.2;-0.4
530;-0.3999999999999999;0.6000000000000001;1.4;-0.6
531;-0.3999999999999999;0.6000000000000001;1.6;-0.8
532;-0.3999999999999999;0.6000000000000001;1.8;-1.0
533;-0.3999999999999999;0.8;-1.0;1.6
534;-0.3999999999999999;0.8;-0.8;1.4
535;-0.3999999999999999;0.8;-0.6;1.2
536;-0.3999999999999999;0.8;-0.4;1.0
537;-0.3999999999999999;0.8;-0.2;0.8
538;-0.3999999999999999;0.8;0.0;0.6
539;-0.3999999999999999;0.8;0.2;0.4
540;-0.3999999999999999;0.8;0.4;0.2
541;-0.3999999999999999;0.8;0.6;-0.0
542;-0.3999999999999999;0.8;0.8;-0.2
543;-0.3999999999999999;0.8;1.0;-0.4
544;-0.3999999999999999;0.8;1.2;-0.6
545;-0.3999999999999999;0.8;1.4;-0.8
546;-0.3999999999999999;0.8;1.6;-1.0
547;-0.3999999999999999;1.0;-1.0;1.4
548;-0.3999999999999999;1.0;-0.8;1.2
549;-0.3999999999999999;1.0;-0.6;1.0
550;-0.3999999999999999;1.0;-0.4;0.8
551;-0.3999999999999999;1.0;-0.2;0.6
552;-0.3999999999999999;1.0;0.0;0.4
553;-0.3999999999999999;1.0;0.2;0.2
554;-0.3999999999999999;1.0;0.4;-0.0
555;-0.3999999999999999;1.0;0.6;-0.2
556;-0.3999999999999999;1.0;0.8;-0.4
557;-0.3999999999999999;1.0;1.0;-0.6
558;-0.3999999999999999;1.0;1.2;-0.8
559;-0.3999999999999999;1.0;1.4;-1.0
560;-0.3999999999999999;1.2;-1.0;1.2
561;-0.3999999999999999;1.2;-0.8;1.0
562;-0.3999999999999999;1.2;-0.6;0.8
563;-0.3999999999999999;1.2;-0.4;0.6
564;-0.3999999999999999;1.2;-0.2;0.4
565;-0.3999999999999999;1.2;0.0;0.2
566;-0.3999999999999999;1.2;0.2;-0.0
567;-0.3999999999999999;1.2;0.4;-0.2
568;-0.3999999999999999;1.2;0.6;-0.4
569;-0.3999999999999999;1.2;0.8;-0.6
570;-0.3999999999999999;1.2;1.0;-0.8
571;-0.3999999999999999;1.2;1.2;-1.0
572;-0.3999999999999999;1.4;0.0;0.0
573;-0.3999999999999999;1.6;-1.0;0.8
574;-0.3999999999999999;1.6;-0.8;0.6
575;-0.3999999999999999;1.6;-0.6;0.4
576;-0.3999999999999999;1.6;-0.4;0.2
577;-0.3999999999999999;1.6;-0.2;-0.0
578;-0.3999999999999999;1.6;0.0;-0.2
579;-0.3999999999999999;1.6;0.2;-0.4
580;-0.3999999999999999;1.6;0.4;-0.6
581;-0.3999999999999999;1.6;0.6;-0.8
582;-0.3999999999999999;1.6;0.8;-1.0
583;-0.3999999999999999;1.8000000000000003;-1.0;0.6
584;-0.3999999999999999;1.8000000000000003;-0.8;0.4
585;-0.3999999999999999;1.8000000000000003;-0.6;0.2
586;-0.3999999999999999;1.8000000000000003;-0.4;-0.0
587;-0.3999999999999999;1.8000000000000003;-0.2;-0.2
588;-0.3999999999999999;1.8000000000000003;0.0;-0.4
589;-0.3999999999999999;1.8000000000000003;0.2;-0.6
590;-0.3999999999999999;1.8000000000000003;0.4;-0.8
591;-0.3999999999999999;1.8000000000000003;0.6;-1.0
592;-0.3999999999999999;2.0;-1.0;0.4
593;-0.3999999999999999;2.0;-0.8;0.2
594;-0.3999999999999999;2.0;-0.6;-0.0
595;-0.3999999999999999;2.0;-0.4;-0.2
596;-0.3999999999999999;2.0;-0.2;-0.4
597;-0.3999999999999999;2.0;0.0;-0.6
598;-0.3999999999999999;2.0;0.2;-0.8
599;-0.3999999999999999;2.0;0.4;-1.0
600;-0.19999999999999996;-0.8;-0.0;2.0
601;-0.19999999999999996;-0.8;0.2;1.8
602;-0.19999999999999996;-0.8;0.4;1.6
603;-0.19999999999999996;-0.8;0.6;1.4
604;-0.19999999999999996;-0.8;0.8;1.2
605;-0.19999999999999996;-0.8;1.0;1.0
606;-0.19999999999999996;-0.8;1.2;0.8
607;-0.19999999999999996;-0.8;1.4;0.6
608;-0.19999999999999996;-0.8;1.6;0.4
609;-0.19999999999999996;-0.8;1.8;0.2
610;-0.19999999999999996;-0.8;2.0;0.0
611;-0.19999999999999996;-0.6000000000000001;-0.2;2.0
612;-0.19999999999999996;-0.6000000000000001;0.0;1.8
613;-0.19999999999999996;-0.6000000000000001;0.2;1.6
614;-0.19999999999999996;-0.6000000000000001;0.4;1.4
615;-0.19999999999999996;-0.6000000000000001;0.6;1.2
616;-0.19999999999999996;-0.6000000000000001;0.8;1.0
617;-0.19999999999999996;-0.6000000000000001;1.0;0.8
618;-0.19999999999999996;-0.6000000000000001;1.2;0.6
619;-0.19999999999999996;-0.6000000000000001;1.4;0.4
620;-0.19999999999999996;-0.6000000000000001;1.6;0.2
621;-0.19999999999999996;-0.6000000000000001;1.8;0.0
622;-0.19999999999999996;-0.6000000000000001;2.0;-0.2
623;-0.19999999999999996;-0.4;-0.4;2.0
624;-0.19999999999999996;-0.4;-0.2;1.8
625;-0.19999999999999996;-0.4;0.0;1.6
626;-0.19999999999999996;-0.4;0.2;1.4
627;-0.19999999999999996;-0.4;0.4;1.2
628;-0.19999999999999996;-0.4;0.6;1.0
629;-0.19999999999999996;-0.4;0.8;0.8
630;-0.19999999999999996;-0.4;1.0;0.6
631;-0.19999999999999996;-0.4;1.2;0.4
632;-0.19999999999999996;-0.4;1.4;0.2
633;-0.19999999999999996;-0.4;1.6;0.0
634;-0.19999999999999996;-0.4;1.8;-0.2
635;-0.19999999999999996;-0.4;2.0;-0.4
636;-0.19999999999999996;-0.19999999999999996;-0.6;2.0
637;-0.19999999999999996;-0.19999999999999996;-0.4;1.8
638;-0.19999999999999996;-0.19999999999999996;-0.2;1.6
639;-0.19999999999999996;-0.19999999999999996;0.0;1.4
640;-0.19999999999999996;-0.19999999999999996;0.2;1.2
641;-0.19999999999999996;-0.19999999999999996;0.4;1.0
642;-0.19999999999999996;-0.19999999999999996;0.6;0.8
643;-0.19999999999999996;-0.19999999999999996;0.8;0.6
644;-0.19999999999999996;-0.19999999999999996;1.0;0.4
645;-0.19999999999999996;-0.19999999999999996;1.2;0.2
646;-0.19999999999999996;-0.19999999999999996;1.4;0.0
647;-0.19999999999999996;-0.19999999999999996;1.6;-0.2
648;-0.19999999999999996;-0.19999999999999996;1.8;-0.4
649;-0.19999999999999996;-0.19999999999999996;2.0;-0.6
650;-0.19999999999999996;0.0;-0.8;2.0
651;-0.19999999999999996;0.0;-0.6;1.8
652;-0.19999999999999996;0.0;-0.4;1.6
653;-0.19999999999999996;0.0;-0.2;1.4
654;-0.19999999999999996;0.0;0.0;1.2
655;-0.19999999999999996;0.0;0.2;1.0
656;-0.19999999999999996;0.0;0.4;0.8
657;-0.19999999999999996;0.0;0.6;0.6
658;-0.19999999999999996;0.0;0.8;0.4
659;-0.19999999999999996;0.0;1.0;0.2
660;-0.19999999999999996;0.0;1.2;0.0
661;-0.19999999999999996;0.0;1.4;-0.2
662;-0.19999999999999996;0.0;1.6;-0.4
663;-0.19999999999999996;0.0;1.8;-0.6
664;-0.19999999999999996;0.0;2.0;-0.8
665;-0.19999999999999996;0.19999999999999996;-1.0;2.0
666;-0.19999999999999996;0.19999999999999996;-0.8;1.8
667;-0.19999999999999996;0.19999999999999996;-0.6;1.6
668;-0.19999999999999996;0.19999999999999996;-0.4;1.4
669;-0.19999999999999996;0.19999999999999996;-0.2;1.2
670;-0.19999999999999996;0.19999999999999996;0.0;1.0
671;-0.19999999999999996;0.19999999999999996;0.2;0.8
672;-0.19999999999999996;0.19999999999999996;0.4;0.6
673;-0.19999999999999996;0.19999999999999996;0.6;0.4
674;-0.19999999999999996;0.19999999999999996;0.8;0.2
675;-0.19999999999999996;0.19999999999999996;1.0;0.0
676;-0.19999999999999996;0.19999999999999996;1.2;-0.2
677;-0.19999999999999996;0.19999999999999996;1.4;-0.4
678;-0.19999999999999996;0.19999999999999996;1.6;-0.6
679;-0.19999999999999996;0.19999999999999996;1.8;-0.8
680;-0.19999999999999996;0.19999999999999996;2.0;-1.0
681;-0.19999999999999996;0.40000000000000013;-1.0;1.8
682;-0.19999999999999996;0.40000000000000013;-0.8;1.6
683;-0.19999999999999996;0.40000000000000013;-0.6;1.4
684;-0.19999999999999996;0.40000000000000013;-0.4;1.2
685;-0.19999999999999996;0.40000000000000013;-0.2;1.0
686;-0.19999999999999996;0.40000000000000013;0.0;0.8
687;-0.19999999999999996;0.40000000000000013;0.2;0.6
688;-0.19999999999999996;0.40000000000000013;0.4;0.4
689;-0.19999999999999996;0.40000000000000013;0.6;0.2
690;-0.19999999999999996;0.40000000000000013;0.8;-0.0
691;-0.19999999999999996;0.40000000000000013;1.0;-0.2
692;-0.19999999999999996;0.40000000000000013;1.2;-0.4
693;-0.19999999999999996;0.40000000000000013;1.4;-0.6
694;-0.19999999999999996;0.40000000000000013;1.6;-0.8
695;-0.19999999999999996;0.40000000000000013;1.8;-1.0
696;-0.19999999999999996;0.6000000000000001;-1.0;1.6
697;-0.19999999999999996;0.6000000000000001;-0.8;1.4
698;-0.19999999999999996;0.6000000000000001;-0.6;1.2
699;-0.19999999999999996;0.6000000000000001;-0.4;1.0
700;-0.19999999999999996;0.6000000000000001;-0.2;0.8
701;-0.19999999999999996;0.6000000000000001;0.0;0.6
702;-0.19999999999999996;0.6000000000000001;0.2;0.4
703;-0.19999999999999996;0.6000000000000001;0.4;0.2
704;-0.19999999999999996;0.6000000000000001;0.6;-0.0
705;-0.19999999999999996;0.6000000000000001;0.8;-0.2
706;-0.19999999999999996;0.6000000000000001;1.0;-0.4
707;-0.19999999999999996;0.6000000000000001;1.2;-0.6
708;-0.19999999999999996;0.6000000000000001;1.4;-0.8
709;-0.19999999999999996;0.6000000000000001;1.6;-1.0
710;-0.19999999999999996;0.8;-1.0;1.4
711;-0.19999999999999996;0.8;-0.8;1.2
712;-0.19999999999999996;0.8;-0.6;1.0
713;-0.19999999999999996;0.8;-0.4;0.8
714;-0.19999999999999996;0.8;-0.2;0.6
715;-0.19999999999999996;0.8;0.0;0.4
716;-0.19999999999999996;0.8;0.2;0.2
717;-0.19999999999999996;0.8;0.4;-0.0
718;-0.19999999999999996;0.8;0.6;-0.2
719;-0.19999999999999996;0.8;0.8;-0.4
720;-0.19999999999999996;0.8;1.0;-0.6
721;-0.19999999999999996;0.8;1.2;-0.8
722;-0.19999999999999996;0.8;1.4;-1.0
723;-0.19999999999999996;1.0;-1.0;1.2
724;-0.19999999999999996;1.0;-0.8;1.0
725;-0.19999999999999996;1.0;-0.6;0.8
726;-0.19999999999999996;1.0;-0.4;0.6
727;-0.19999999999999996;1.0;-0.2;0.4
728;-0.19999999999999996;1.0;0.0;0.2
729;-0.19999999999999996;1.0;0.2;-0.0
730;-0.19999999999999996;1.0;0.4;-0.2
731;-0.19999999999999996;1.0;0.6;-0.4
732;-0.19999999999999996;1.0;0.8;-0.6
733;-0.19999999999999996;1.0;1.0;-0.8
734;-0.19999999999999996;1.0;1.2;-1.0
735;-0.19999999999999996;1.2;0.0;0.0
736;-0.19999999999999996;1.4000000000000001;-1.0;0.8
737;-0.19999999999999996;1.4000000000000001;-0.8;0.6
738;-0.19999999999999996;1.4000000000000001;-0.6;0.4
739;-0.19999999999999996;1.4000000000000001;-0.4;0.2
740;-0.19999999999999996;1.4000000000000001;-0.2;-0.0
741;-0.19999999999999996;1.4000000000000001;0.0;-0.2
742;-0.19999999999999996;1.4000000000000001;0.2;-0.4
743;-0.19999999999999996;1.4000000000000001;0.4;-0.6
744;-0.19999999999999996;1.4000000000000001;0.6;-0.8
745;-0.19999999999999996;1.4000000000000001;0.8;-1.0
746;-0.19999999999999996;1.6000000000000003;-1.0;0.6
747;-0.19999999999999996;1.6000000000000003;-0.8;0.4
748;-0.19999999999999996;1.6000000000000003;-0.6;0.2
749;-0.19999999999999996;1.6000000000000003;-0.4;-0.0
750;-0.19999999999999996;1.6000000000000003;-0.2;-0.2
751;-0.19999999999999996;1.6000000000000003;0.0;-0.4
752;-0.19999999999999996;1.6000000000000003;0.2;-0.6
753;-0.19999999999999996;1.6000000000000003;0.4;-0.8
754;-0.19999999999999996;1.6000000000000003;0.6;-1.0
755;-0.19999999999999996;1.8;-1.0;0.4
756;-0.19999999999999996;1.8;-0.8;0.2
757;-0.19999999999999996;1.8;-0.6;-0.0
758;-0.19999999999999996;1.8;-0.4;-0.2
759;-0.19999999999999996;1.8;-0.2;-0.4
760;-0.19999999999999996;1.8;0.0;-0.6
761;-0.19999999999999996;1.8;0.2;-0.8
762;-0.19999999999999996;1.8;0.4;-1.0
763;-0.19999999999999996;2.0;-1.0;0.2
764;-0.19999999999999996;2.0;-0.8;-0.0
765;-0.19999999999999996;2.0;-0.6;-0.2
766;-0.19999999999999996;2.0;-0.4;-0.4
767;-0.19999999999999996;2.0;-0.2;-0.6
768;-0.19999999999999996;2.0;0.0;-0.8
769;-0.19999999999999996;2.0;0.2;-1.0
770;0.0;-1.0;-0.0;2.0
771;0.0;-1.0;0.2;1.8
772;0.0;-1.0;0.4;1.6
773;0.0;-1.0;0.6;1.4
774;0.0;-1.0;0.8;1.2
775;0.0;-1.0;1.0;1.0
776;0.0;-1.0;1.2;0.8
777;0.0;-1.0;1.4;0.6
778;0.0;-1.0;1.6;0.4
779;0.0;-1.0;1.8;0.2
780;0.0;-1.0;2.0;0.0
781;0.0;-0.8;-0.2;2.0
782;0.0;-0.8;0.0;1.8
783;0.0;-0.8;0.2;1.6
784;0.0;-0.8;0.4;1.4
785;0.0;-0.8;0.6;1.2
786;0.0;-0.8;0.8;1.0
787;0.0;-0.8;1.0;0.8
788;0.0;-0.8;1.2;0.6
789;0.0;-0.8;1.4;0.4
790;0.0;-0.8;1.6;0.2
791;0.0;-0.8;1.8;0.0
792;0.0;-0.8;2.0;-0.2
793;0.0;-0.6;-0.4;2.0
794;0.0;-0.6;-0.2;1.8
795;0.0;-0.6;0.0;1.6
796;0.0;-0.6;0.2;1.4
797;0.0;-0.6;0.4;1.2
798;0.0;-0.6;0.6;1.0
799;0.0;-0.6;0.8;0.8
800;0.0;-0.6;1.0;0.6
801;0.0;-0.6;1.2;0.4
802;0.0;-0.6;1.4;0.2
803;0.0;-0.6;1.6;0.0
804;0.0;-0.6;1.8;-0.2
805;0.0;-0.6;2.0;-0.4
806;0.0;-0.3999999999999999;-0.6;2.0
807;0.0;-0.3999999999999999;-0.4;1.8
808;0.0;-0.3999999999999999;-0.2;1.6
809;0.0;-0.3999999999999999;0.0;1.4
810;0.0;-0.3999999999999999;0.2;1.2
811;0.0;-0.3999999999999999;0.4;1.0
812;0.0;-0.3999999999999999;0.6;0.8
813;0.0;-0.3999999999999999;0.8;0.6
814;0.0;-0.3999999999999999;1.0;0.4
815;0.0;-0.3999999999999999;1.2;0.2
816;0.0;-0.3999999999999999;1.4;0.0
817;0.0;-0.3999999999999999;1.6;-0.2
818;0.0;-0.3999999999999999;1.8;-0.4
819;0.0;-0.3999999999999999;2.0;-0.6
820;0.0;-0.19999999999999996;-0.8;2.0
821;0.0;-0.19999999999999996;-0.6;1.8
822;0.0;-0.19999999999999996;-0.4;1.6
823;0.0;-0.19999999999999996;-0.2;1.4
824;0.0;-0.19999999999999996;0.0;1.2
825;0.0;-0.19999999999999996;0.2;1.0
826;0.0;-0.19999999999999996;0.4;0.8
827;0.0;-0.19999999999999996;0.6;0.6
828;0.0;-0.19999999999999996;0.8;0.4
829;0.0;-0.19999999999999996;1.0;0.2
830;0.0;-0.19999999999999996;1.2;0.0
831;0.0;-0.19999999999999996;1.4;-0.2
832;0.0;-0.19999999999999996;1.6;-0.4
833;0.0;-0.19999999999999996;1.8;-0.6
834;0.0;-0.19999999999999996;2.0;-0.8
835;0.0;0.0;-1.0;2.0
836;0.0;0.0;-0.8;1.8
837;0.0;0.0;-0.6;1.6
838;0.0;0.0;-0.4;1.4
839;0.0;0.0;-0.2;1.2
840;0.0;0.0;0.0;1.0
841;0.0;0.0;0.2;0.8
842;0.0;0.0;0.4;0.6
843;0.0;0.0;0.6;0.4
844;0.0;0.0;0.8;0.2
845;0.0;0.0;1.0;0.0
846;0.0;0.0;1.2;-0.2
847;0.0;0.0;1.4;-0.4
848;0.0;0.0;1.6;-0.6
849;0.0;0.0;1.8;-0.8
850;0.0;0.0;2.0;-1.0
851;0.0;0.20000000000000018;-1.0;1.8
852;0.0;0.20000000000000018;-0.8;1.6
853;0.0;0.20000000000000018;-0.6;1.4
854;0.0;0.20000000000000018;-0.4;1.2
855;0.0;0.20000000000000018;-0.2;1.0
856;0.0;0.20000000000000018;0.0;0.8
857;0.0;0.20000000000000018;0.2;0.6
858;0.0;0.20000000000000018;0.4;0.4
859;0.0;0.20000000000000018;0.6;0.2
860;0.0;0.20000000000000018;0.8;-0.0
861;0.0;0.20000000000000018;1.0;-0.2
862;0.0;0.20000000000000018;1.2;-0.4
863;0.0;0.20000000000000018;1.4;-0.6
864;0.0;0.20000000000000018;1.6;-0.8
865;0.0;0.20000000000000018;1.8;-1.0
866;0.0;0.40000000000000013;-1.0;1.6
867;0.0;0.40000000000000013;-0.8;1.4
868;0.0;0.40000000000000013;-0.6;1.2
869;0.0;0.40000000000000013;-0.4;1.0
870;0.0;0.40000000000000013;-0.2;0.8
871;0.0;0.40000000000000013;0.0;0.6
872;0.0;0.40000000000000013;0.2;0.4
873;0.0;0.40000000000000013;0.4;0.2
874;0.0;0.40000000000000013;0.6;-0.0
875;0.0;0.40000000000000013;0.8;-0.2
876;0.0;0.40000000000000013;1.0;-0.4
877;0.0;0.40000000000000013;1.2;-0.6
878;0.0;0.40000000000000013;1.4;-0.8
879;0.0;0.40000000000000013;1.6;-1.0
880;0.0;0.6000000000000001;-1.0;1.4
881;0.0;0.6000000000000001;-0.8;1.2
882;0.0;0.6000000000000001;-0.6;1.0
883;0.0;0.6000000000000001;-0.4;0.8
884;0.0;0.6000000000000001;-0.2;0.6
885;0.0;0.6000000000000001;0.0;0.4
886;0.0;0.6000000000000001;0.2;0.2
887;0.0;0.6000000000000001;0.4;-0.0
888;0.0;0.6000000000000001;0.6;-0.2
889;0.0;0.6000000000000001;0.8;-0.4
890;0.0;0.6000000000000001;1.0;-0.6
891;0.0;0.6000000000000001;1.2;-0.8
892;0.0;0.6000000000000001;1.4;-1.0
893;0.0;0.8;-1.0;1.2
894;0.0;0.8;-0.8;1.0
895;0.0;0.8;-0.6;0.8
896;0.0;0.8;-0.4;0.6
897;0.0;0.8;-0.2;0.4
898;0.0;0.8;0.0;0.2
899;0.0;0.8;0.2;-0.0
900;0.0;0.8;0.4;-0.2
901;0.0;0.8;0.6;-0.4
902;0.0;0.8;0.8;-0.6
903;0.0;0.8;1.0;-0.8
904;0.0;0.8;1.2;-1.0
905;0.0;1.0;0.0;0.0
906;0.0;1.2000000000000002;-1.0;0.8
907;0.0;1.2000000000000002;-0.8;0.6
908;0.0;1.2000000000000002;-0.6;0.4
909;0.0;1.2000000000000002;-0.4;0.2
910;0.0;1.2000000000000002;-0.2;-0.0
911;0.0;1.2000000000000002;0.0;-0.2
912;0.0;1.2000000000000002;0.2;-0.4
913;0.0;1.2000000000000002;0.4;-0.6
914;0.0;1.2000000000000002;0.6;-0.8
915;0.0;1.2000000000000002;0.8;-1.0
916;0.0;1.4000000000000004;-1.0;0.6
917;0.0;1.4000000000000004;-0.8;0.4
918;0.0;1.4000000000000004;-0.6;0.2
919;0.0;1.4000000000000004;-0.4;-0.0
920;0.0;1.4000000000000004;-0.2;-0.2
921;0.0;1.4000000000000004;0.0;-0.4
922;0.0;1.4000000000000004;0.2;-0.6
923;0.0;1.4000000000000004;0.4;-0.8
924;0.0;1.4000000000000004;0.6;-1.0
925;0.0;1.6;-1.0;0.4
926;0.0;1.6;-0.8;0.2
927;0.0;1.6;-0.6;-0.0
928;0.0;1.6;-0.4;-0.2
929;0.0;1.6;-0.2;-0.4
930;0.0;1.6;0.0;-0.6
931;0.0;1.6;0.2;-0.8
932;0.0;1.6;0.4;-1.0
933;0.0;1.8000000000000003;-1.0;0.2
934;0.0;1.8000000000000003;-0.8;-0.0
935;0.0;1.8000000000000003;-0.6;-0.2
936;0.0;1.8000000000000003;-0.4;-0.4
937;0.0;1.8000000000000003;-0.2;-0.6
938;0.0;1.8000000000000003;0.0;-0.8
939;0.0;1.8000000000000003;0.2;-1.0
940;0.0;2.0;-1.0;0.0
941;0.0;2.0;-0.8;-0.2
942;0.0;2.0;-0.6;-0.4
943;0.0;2.0;-0.4;-0.6
944;0.0;2.0;-0.2;-0.8
945;0.0;2.0;0.0;-1.0
946;0.20000000000000018;-1.0;-0.2;2.0
947;0.20000000000000018;-1.0;-0.0;1.8
948;0.20000000000000018;-1.0;0.2;1.6
949;0.20000000000000018;-1.0;0.4;1.4
950;0.20000000000000018;-1.0;0.6;1.2
951;0.20000000000000018;-1.0;0.8;1.0
952;0.20000000000000018;-1.0;1.0;0.8
953;0.20000000000000018;-1.0;1.2;0.6
954;0.20000000000000018;-1.0;1.4;0.4
955;0.20000000000000018;-1.0;1.6;0.2
956;0.20000000000000018;-1.0;1.8;0.0
957;0.20000000000000018;-1.0;2.0;-0.2
958;0.20000000000000018;-0.8;-0.4;2.0
959;0.20000000000000018;-0.8;-0.2;1.8
960;0.20000000000000018;-0.8;-0.0;1.6
961;0.20000000000000018;-0.8;0.2;1.4
962;0.20000000000000018;-0.8;0.4;1.2
963;0.20000000000000018;-0.8;0.6;1.0
964;0.20000000000000018;-0.8;0.8;0.8
965;0.20000000000000018;-0.8;1.0;0.6
966;0.20000000000000018;-0.8;1.2;0.4
967;0.20000000000000018;-0.8;1.4;0.2
968;0.20000000000000018;-0.8;1.6;0.0
969;0.20000000000000018;-0.8;1.8;-0.2
970;0.20000000000000018;-0.8;2.0;-0.4
971;0.20000000000000018;-0.6;-0.6;2.0
972;0.20000000000000018;-0.6;-0.4;1.8
973;0.20000000000000018;-0.6;-0.2;1.6
974;0.20000000000000018;-0.6;-0.0;1.4
975;0.20000000000000018;-0.6;0.2;1.2
976;0.20000000000000018;-0.6;0.4;1.0
977;0.20000000000000018;-0.6;0.6;0.8
978;0.20000000000000018;-0.6;0.8;0.6
979;0.20000000000000018;-0.6;1.0;0.4
980;0.20000000000000018;-0.6;1.2;0.2
981;0.20000000000000018;-0.6;1.4;0.0
982;0.20000000000000018;-0.6;1.6;-0.2
983;0.20000000000000018;-0.6;1.8;-0.4
984;0.20000000000000018;-0.6;2.0;-0.6
985;0.20000000000000018;-0.3999999999999999;-0.8;2.0
986;0.20000000000000018;-0.3999999999999999;-0.6;1.8
987;0.20000000000000018;-0.3999999999999999;-0.4;1.6
988;0.20000000000000018;-0.3999999999999999;-0.2;1.4
989;0.20000000000000018;-0.3999999999999999;-0.0;1.2
990;0.20000000000000018;-0.3999999999999999;0.2;1.0
991;0.20000000000000018;-0.3999999999999999;0.4;0.8
992;0.20000000000000018;-0.3999999999999999;0.6;0.6
993;0.20000000000000018;-0.3999999999999999;0.8;0.4
994;0.20000000000000018;-0.3999999999999999;1.0;0.2
995;0.20000000000000018;-0.3999999999999999;1.2;0.0
996;0.20000000000000018;-0.3999999999999999;1.4;-0.2
997;0.20000000000000018;-0.3999999999999999;1.6;-0.4
998;0.20000000000000018;-0.3999999999999999;1.8;-0.6
999;0.20000000000000018;-0.3999999999999999;2.0;-0.8
1000;0.20000000000000018;-0.19999999999999996;-1.0;2.0
1001;0.20000000000000018;-0.19999999999999996;-0.8;1.8
1002;0.20000000000000018;-0.19999999999999996;-0.6;1.6
1003;0.20000000000000018;-0.19999999999999996;-0.4;1.4
1004;0.20000000000000018;-0.19999999999999996;-0.2;1.2
1005;0.20000000000000018;-0.19999999999999996;0.0;1.0
1006;0.20000000000000018;-0.19999999999999996;0.2;0.8
1007;0.20000000000000018;-0.19999999999999996;0.4;0.6
1008;0.20000000000000018;-0.19999999999999996;0.6;0.4
1009;0.20000000000000018;-0.19999999999999996;0.8;0.2
1010;0.20000000000000018;-0.19999999999999996;1.0;-0.0
1011;0.20000000000000018;-0.19999999999999996;1.2;-0.2
1012;0.20000000000000018;-0.19999999999999996;1.4;-0.4
1013;0.20000000000000018;-0.19999999999999996;1.6;-0.6
1014;0.20000000000000018;-0.19999999999999996;1.8;-0.8
1015;0.20000000000000018;-0.19999999999999996;2.0;-1.0
1016;0.20000000000000018;0.0;-1.0;1.8
1017;0.20000000000000018;0.0;-0.8;1.6
1018;0.20000000000000018;0.0;-0.6;1.4
1019;0.20000000000000018;0.0;-0.4;1.2
1020;0.20000000000000018;0.0;-0.2;1.0
1021;0.20000000000000018;0.0;0.0;0.8
1022;0.20000000000000018;0.0;0.2;0.6
1023;0.20000000000000018;0.0;0.4;0.4
1024;0.20000000000000018;0.0;0.6;0.2
1025;0.20000000000000018;0.0;0.8;-0.0
1026;0.20000000000000018;0.0;1.0;-0.2
1027;0.20000000000000018;0.0;1.2;-0.4
1028;0.20000000000000018;0.0;1.4;-0.6
1029;0.20000000000000018;0.0;1.6;-0.8
1030;0.20000000000000018;0.0;1.8;-1.0
1031;0.20000000000000018;0.20000000000000018;-1.0;1.6
1032;0.20000000000000018;0.20000000000000018;-0.8;1.4
1033;0.20000000000000018;0.20000000000000018;-0.6;1.2
1034;0.20000000000000018;0.20000000000000018;-0.4;1.0
1035;0.20000000000000018;0.20000000000000018;-0.2;0.8
1036;0.20000000000000018;0.20000000000000018;0.0;0.6
1037;0.20000000000000018;0.20000000000000018;0.2;0.4
1038;0.20000000000000018;0.20000000000000018;0.4;0.2
1039;0.20000000000000018;0.20000000000000018;0.6;-0.0
1040;0.20000000000000018;0.20000000000000018;0.8;-0.2
1041;0.20000000000000018;0.20000000000000018;1.0;-0.4
1042;0.20000000000000018;0.20000000000000018;1.2;-0.6
1043;0.20000000000000018;0.20000000000000018;1.4;-0.8
1044;0.20000000000000018;0.20000000000000018;1.6;-1.0
1045;0.20000000000000018;0.40000000000000013;-1.0;1.4
1046;0.20000000000000018;0.40000000000000013;-0.8;1.2
1047;0.20000000000000018;0.40000000000000013;-0.6;1.0
1048;0.20000000000000018;0.40000000000000013;-0.4;0.8
1049;0.20000000000000018;0.40000000000000013;-0.2;0.6
1050;0.20000000000000018;0.40000000000000013;0.0;0.4
1051;0.20000000000000018;0.40000000000000013;0.2;0.2
1052;0.20000000000000018;0.40000000000000013;0.4;-0.0
1053;0.20000000000000018;0.40000000000000013;0.6;-0.2
1054;0.20000000000000018;0.40000000000000013;0.8;-0.4
1055;0.20000000000000018;0.40000000000000013;1.0;-0.6
1056;0.20000000000000018;0.40000000000000013;1.2;-0.8
1057;0.20000000000000018;0.40000000000000013;1.4;-1.0
1058;0.20000000000000018;0.6000000000000001;-1.0;1.2
1059;0.20000000000000018;0.6000000000000001;-0.8;1.0
1060;0.20000000000000018;0.6000000000000001;-0.6;0.8
1061;0.20000000000000018;0.6000000000000001;-0.4;0.6
1062;0.20000000000000018;0.6000000000000001;-0.2;0.4
1063;0.20000000000000018;0.6000000000000001;0.0;0.2
1064;0.20000000000000018;0.6000000000000001;0.2;-0.0
1065;0.20000000000000018;0.6000000000000001;0.4;-0.2
1066;0.20000000000000018;0.6000000000000001;0.6;-0.4
1067;0.20000000000000018;0.6000000000000001;0.8;-0.6
1068;0.20000000000000018;0.6000000000000001;1.0;-0.8
1069;0.20000000000000018;0.6000000000000001;1.2;-1.0
1070;0.20000000000000018;0.8;-1.0;1.0
1071;0.20000000000000018;0.8;-0.8;0.8
1072;0.20000000000000018;0.8;-0.6;0.6
1073;0.20000000000000018;0.8;-0.4;0.4
1074;0.20000000000000018;0.8;-0.2;0.2
1075;0.20000000000000018;0.8;0.0;-0.0
1076;0.20000000000000018;0.8;0.2;-0.2
1077;0.20000000000000018;0.8;0.4;-0.4
1078;0.20000000000000018;0.8;0.6;-0.6
1079;0.20000000000000018;0.8;0.8;-0.8
1080;0.20000000000000018;0.8;1.0;-1.0
1081;0.20000000000000018;1.0;-1.0;0.8
1082;0.20000000000000018;1.0;-0.8;0.6
1083;0.20000000000000018;1.0;-0.6;0.4
1084;0.20000000000000018;1.0;-0.4;0.2
1085;0.20000000000000018;1.0;-0.2;-0.0
1086;0.20000000000000018;1.0;0.0;-0.2
1087;0.20000000000000018;1.0;0.2;-0.4
1088;0.20000000000000018;1.0;0.4;-0.6
1089;0.20000000000000018;1.0;0.6;-0.8
1090;0.20000000000000018;1.0;0.8;-1.0
1091;0.20000000000000018;1.2000000000000002;-1.0;0.6
1092;0.20000000000000018;1.2000000000000002;-0.8;0.4
1093;0.20000000000000018;1.2000000000000002;-0.6;0.2
1094;0.20000000000000018;1.2000000000000002;-0.4;-0.0
1095;0.20000000000000018;1.2000000000000002;-0.2;-0.2
1096;0.20000000000000018;1.2000000000000002;0.0;-0.4
1097;0.20000000000000018;1.2000000000000002;0.2;-0.6
1098;0.20000000000000018;1.2000000000000002;0.4;-0.8
1099;0.20000000000000018;1.2000000000000002;0.6;-1.0
1100;0.20000000000000018;1.4000000000000004;-1.0;0.4
1101;0.20000000000000018;1.4000000000000004;-0.8;0.2
1102;0.20000000000000018;1.4000000000000004;-0.6;-0.0
1103;0.20000000000000018;1.4000000000000004;-0.4;-0.2
1104;0.20000000000000018;1.4000000000000004;-0.2;-0.4
1105;0.20000000000000018;1.4000000000000004;0.0;-0.6
1106;0.20000000000000018;1.4000000000000004;0.2;-0.8
1107;0.20000000000000018;1.4000000000000004;0.4;-1.0
1108;0.20000000000000018;1.6;-1.0;0.2
1109;0.20000000000000018;1.6;-0.8;-0.0
1110;0.20000000000000018;1.6;-0.6;-0.2
1111;0.20000000000000018;1.6;-0.4;-0.4
1112;0.20000000000000018;1.6;-0.2;-0.6
1113;0.20000000000000018;1.6;0.0;-0.8
1114;0.20000000000000018;1.6;0.2;-1.0
1115;0.20000000000000018;1.8000000000000003;-1.0;-0.0
1116;0.20000000000000018;1.8000000000000003;-0.8;-0.2
1117;0.20000000000000018;1.8000000000000003;-0.6;-0.4
1118;0.20000000000000018;1.8000000000000003;-0.4;-0.6
1119;0.20000000000000018;1.8000000000000003;-0.2;-0.8
1120;0.20000000000000018;1.8000000000000003;0.0;-1.0
1121;0.40000000000000013;-1.0;-0.4;2.0
1122;0.40000000000000013;-1.0;-0.2;1.8
1123;0.40000000000000013;-1.0;-0.0;1.6
1124;0.40000000000000013;-1.0;0.2;1.4
1125;0.40000000000000013;-1.0;0.4;1.2
1126;0.40000000000000013;-1.0;0.6;1.0
1127;0.40000000000000013;-1.0;0.8;0.8
1128;0.40000000000000013;-1.0;1.0;0.6
1129;0.40000000000000013;-1.0;1.2;0.4
1130;0.40000000000000013;-1.0;1.4;0.2
1131;0.40000000000000013;-1.0;1.6;0.0
1132;0.40000000000000013;-1.0;1.8;-0.2
1133;0.40000000000000013;-1.0;2.0;-0.4
1134;0.40000000000000013;-0.8;-0.6;2.0
1135;0.40000000000000013;-0.8;-0.4;1.8
1136;0.40000000000000013;-0.8;-0.2;1.6
1137;0.40000000000000013;-0.8;0.0;1.4
1138;0.40000000000000013;-0.8;0.2;1.2
1139;0.40000000000000013;-0.8;0.4;1.0
1140;0.40000000000000013;-0.8;0.6;0.8
1141;0.40000000000000013;-0.8;0.8;0.6
1142;0.40000000000000013;-0.8;1.0;0.4
1143;0.40000000000000013;-0.8;1.2;0.2
1144;0.40000000000000013;-0.8;1.4;0.0
1145;0.40000000000000013;-0.8;1.6;-0.2
1146;0.40000000000000013;-0.8;1.8;-0.4
1147;0.40000000000000013;-0.8;2.0;-0.6
1148;0.40000000000000013;-0.6;-0.8;2.0
1149;0.40000000000000013;-0.6;-0.6;1.8
1150;0.40000000000000013;-0.6;-0.4;1.6
1151;0.40000000000000013;-0.6;-0.2;1.4
1152;0.40000000000000013;-0.6;-0.0;1.2
1153;0.40000000000000013;-0.6;0.2;1.0
1154;0.40000000000000013;-0.6;0.4;0.8
1155;0.40000000000000013;-0.6;0.6;0.6
1156;0.40000000000000013;-0.6;0.8;0.4
1157;0.40000000000000013;-0.6;1.0;0.2
1158;0.40000000000000013;-0.6;1.2;0.0
1159;0.40000000000000013;-0.6;1.4;-0.2
1160;0.40000000000000013;-0.6;1.6;-0.4
1161;0.40000000000000013;-0.6;1.8;-0.6
1162;0.40000000000000013;-0.6;2.0;-0.8
1163;0.40000000000000013;-0.3999999999999999;-1.0;2.0
1164;0.40000000000000013;-0.3999999999999999;-0.8;1.8
1165;0.40000000000000013;-0.3999999999999999;-0.6;1.6
1166;0.40000000000000013;-0.3999999999999999;-0.4;1.4
1167;0.40000000000000013;-0.3999999999999999;-0.2;1.2
1168;0.40000000000000013;-0.3999999999999999;0.0;1.0
1169;0.40000000000000013;-0.3999999999999999;0.2;0.8
1170;0.40000000000000013;-0.3999999999999999;0.4;0.6
1171;0.40000000000000013;-0.3999999999999999;0.6;0.4
1172;0.40000000000000013;-0.3999999999999999;0.8;0.2
1173;0.40000000000000013;-0.3999999999999999;1.0;-0.0
1174;0.40000000000000013;-0.3999999999999999;1.2;-0.2
1175;0.40000000000000013;-0.3999999999999999;1.4;-0.4
1176;0.40000000000000013;-0.3999999999999999;1.6;-0.6
1177;0.40000000000000013;-0.3999999999999999;1.8;-0.8
1178;0.40000000000000013;-0.3999999999999999;2.0;-1.0
1179;0.40000000000000013;-0.19999999999999996;-1.0;1.8
1180;0.40000000000000013;-0.19999999999999996;-0.8;1.6
1181;0.40000000000000013;-0.19999999999999996;-0.6;1.4
1182;0.40000000000000013;-0.19999999999999996;-0.4;1.2
1183;0.40000000000000013;-0.19999999999999996;-0.2;1.0
1184;0.40000000000000013;-0.19999999999999996;0.0;0.8
1185;0.40000000000000013;-0.19999999999999996;0.2;0.6
1186;0.40000000000000013;-0.19999999999999996;0.4;0.4
1187;0.40000000000000013;-0.19999999999999996;0.6;0.2
1188;0.40000000000000013;-0.19999999999999996;0.8;-0.0
1189;0.40000000000000013;-0.19999999999999996;1.0;-0.2
1190;0.40000000000000013;-0.19999999999999996;1.2;-0.4
1191;0.40000000000000013;-0.19999999999999996;1.4;-0.6
1192;0.40000000000000013;-0.19999999999999996;1.6;-0.8
1193;0.40000000000000013;-0.19999999999999996;1.8;-1.0
1194;0.40000000000000013;0.0;-1.0;1.6
1195;0.40000000000000013;0.0;-0.8;1.4
1196;0.40000000000000013;0.0;-0.6;1.2
1197;0.40000000000000013;0.0;-0.4;1.0
1198;0.40000000000000013;0.0;-0.2;0.8
1199;0.40000000000000013;0.0;0.0;0.6
1200;0.40000000000000013;0.0;0.2;0.4
1201;0.40000000000000013;0.0;0.4;0.2
1202;0.40000000000000013;0.0;0.6;-0.0
1203;0.40000000000000013;0.0;0.8;-0.2
1204;0.40000000000000013;0.0;1.0;-0.4
1205;0.40000000000000013;0.0;1.2;-0.6
1206;0.40000000000000013;0.0;1.4;-0.8
1207;0.40000000000000013;0.0;1.6;-1.0
1208;0.40000000000000013;0.20000000000000018;-1.0;1.4
1209;0.40000000000000013;0.20000000000000018;-0.8;1.2
1210;0.40000000000000013;0.20000000000000018;-0.6;1.0
1211;0.40000000000000013;0.20000000000000018;-0.4;0.8
1212;0.40000000000000013;0.20000000000000018;-0.2;0.6
1213;0.40000000000000013;0.20000000000000018;0.0;0.4
1214;0.40000000000000013;0.20000000000000018;0.2;0.2
1215;0.40000000000000013;0.20000000000000018;0.4;-0.0
1216;0.40000000000000013;0.20000000000000018;0.6;-0.2
1217;0.40000000000000013;0.20000000000000018;0.8;-0.4
1218;0.40000000000000013;0.20000000000000018;1.0;-0.6
1219;0.40000000000000013;0.20000000000000018;1.2;-0.8
1220;0.40000000000000013;0.20000000000000018;1.4;-1.0
1221;0.40000000000000013;0.40000000000000013;-1.0;1.2
1222;0.40000000000000013;0.40000000000000013;-0.8;1.0
1223;0.40000000000000013;0.40000000000000013;-0.6;0.8
1224;0.40000000000000013;0.40000000000000013;-0.4;0.6
1225;0.40000000000000013;0.40000000000000013;-0.2;0.4
1226;0.40000000000000013;0.40000000000000013;0.0;0.2
1227;0.40000000000000013;0.40000000000000013;0.2;-0.0
1228;0.40000000000000013;0.40000000000000013;0.4;-0.2
1229;0.40000000000000013;0.40000000000000013;0.6;-0.4
1230;0.40000000000000013;0.40000000000000013;0.8;-0.6
1231;0.40000000000000013;0.40000000000000013;1.0;-0.8
1232;0.40000000000000013;0.40000000000000013;1.2;-1.0
1233;0.40000000000000013;0.6000000000000001;-1.0;1.0
1234;0.40000000000000013;0.6000000000000001;-0.8;0.8
1235;0.40000000000000013;0.6000000000000001;-0.6;0.6
1236;0.40000000000000013;0.6000000000000001;-0.4;0.4
1237;0.40000000000000013;0.6000000000000001;-0.2;0.2
1238;0.40000000000000013;0.6000000000000001;0.0;-0.0
1239;0.40000000000000013;0.6000000000000001;0.2;-0.2
1240;0.40000000000000013;0.6000000000000001;0.4;-0.4
1241;0.40000000000000013;0.6000000000000001;0.6;-0.6
1242;0.40000000000000013;0.6000000000000001;0.8;-0.8
1243;0.40000000000000013;0.6000000000000001;1.0;-1.0
1244;0.40000000000000013;0.8;-1.0;0.8
1245;0.40000000000000013;0.8;-0.8;0.6
1246;0.40000000000000013;0.8;-0.6;0.4
1247;0.40000000000000013;0.8;-0.4;0.2
1248;0.40000000000000013;0.8;-0.2;-0.0
1249;0.40000000000000013;0.8;0.0;-0.2
1250;0.40000000000000013;0.8;0.2;-0.4
1251;0.40000000000000013;0.8;0.4;-0.6
1252;0.40000000000000013;0.8;0.6;-0.8
1253;0.40000000000000013;0.8;0.8;-1.0
1254;0.40000000000000013;1.0;-1.0;0.6
1255;0.40000000000000013;1.0;-0.8;0.4
1256;0.40000000000000013;1.0;-0.6;0.2
1257;0.40000000000000013;1.0;-0.4;-0.0
1258;0.40000000000000013;1.0;-0.2;-0.2
1259;0.40000000000000013;1.0;0.0;-0.4
1260;0.40000000000000013;1.0;0.2;-0.6
1261;0.40000000000000013;1.0;0.4;-0.8
1262;0.40000000000000013;1.0;0.6;-1.0
1263;0.40000000000000013;1.2000000000000002;-1.0;0.4
1264;0.40000000000000013;1.2000000000000002;-0.8;0.2
1265;0.40000000000000013;1.2000000000000002;-0.6;-0.0
1266;0.40000000000000013;1.2000000000000002;-0.4;-0.2
1267;0.40000000000000013;1.2000000000000002;-0.2;-0.4
1268;0.40000000000000013;1.2000000000000002;0.0;-0.6
1269;0.40000000000000013;1.2000000000000002;0.2;-0.8
1270;0.40000000000000013;1.2000000000000002;0.4;-1.0
1271;0.40000000000000013;1.4000000000000004;-1.0;0.2
1272;0.40000000000000013;1.4000000000000004;-0.8;-0.0
1273;0.40000000000000013;1.4000000000000004;-0.6;-0.2
1274;0.40000000000000013;1.4000000000000004;-0.4;-0.4
1275;0.40000000000000013;1.4000000000000004;-0.2;-0.6
1276;0.40000000000000013;1.4000000000000004;0.0;-0.8
1277;0.40000000000000013;1.4000000000000004;0.2;-1.0
1278;0.40000000000000013;1.6;-1.0;0.0
1279;0.40000000000000013;1.6;-0.8;-0.2
1280;0.40000000000000013;1.6;-0.6;-0.4
1281;0.40000000000000013;1.6;-0.4;-0.6
1282;0.40000000000000013;1.6;-0.2;-0.8
1283;0.40000000000000013;1.6;0.0;-1.0
1284;0.6000000000000001;-1.0;-0.6;2.0
1285;0.6000000000000001;-1.0;-0.4;1.8
1286;0.6000000000000001;-1.0;-0.2;1.6
1287;0.6000000000000001;-1.0;0.0;1.4
1288;0.6000000000000001;-1.0;0.2;1.2
1289;0.6000000000000001;-1.0;0.4;1.0
1290;0.6000000000000001;-1.0;0.6;0.8
1291;0.6000000000000001;-1.0;0.8;0.6
1292;0.6000000000000001;-1.0;1.0;0.4
1293;0.6000000000000001;-1.0;1.2;0.2
1294;0.6000000000000001;-1.0;1.4;0.0
1295;0.6000000000000001;-1.0;1.6;-0.2
1296;0.6000000000000001;-1.0;1.8;-0.4
1297;0.6000000000000001;-1.0;2.0;-0.6
1298;0.6000000000000001;-0.8;-0.8;2.0
1299;0.6000000000000001;-0.8;-0.6;1.8
1300;0.6000000000000001;-0.8;-0.4;1.6
1301;0.6000000000000001;-0.8;-0.2;1.4
1302;0.6000000000000001;-0.8;0.0;1.2
1303;0.6000000000000001;-0.8;0.2;1.0
1304;0.6000000000000001;-0.8;0.4;0.8
1305;0.6000000000000001;-0.8;0.6;0.6
1306;0.6000000000000001;-0.8;0.8;0.4
1307;0.6000000000000001;-0.8;1.0;0.2
1308;0.6000000000000001;-0.8;1.2;0.0
1309;0.6000000000000001;-0.8;1.4;-0.2
1310;0.6000000000000001;-0.8;1.6;-0.4
1311;0.6000000000000001;-0.8;1.8;-0.6
1312;0.6000000000000001;-0.8;2.0;-0.8
1313;0.6000000000000001;-0.6;-1.0;2.0
1314;0.6000000000000001;-0.6;-0.8;1.8
1315;0.6000000000000001;-0.6;-0.6;1.6
1316;0.6000000000000001;-0.6;-0.4;1.4
1317;0.6000000000000001;-0.6;-0.2;1.2
1318;0.6000000000000001;-0.6;0.0;1.0
1319;0.6000000000000001;-0.6;0.2;0.8
1320;0.6000000000000001;-0.6;0.4;0.6
1321;0.6000000000000001;-0.6;0.6;0.4
1322;0.6000000000000001;-0.6;0.8;0.2
1323;0.6000000000000001;-0.6;1.0;0.0
1324;0.6000000000000001;-0.6;1.2;-0.2
1325;0.6000000000000001;-0.6;1.4;-0.4
1326;0.6000000000000001;-0.6;1.6;-0.6
1327;0.6000000000000001;-0.6;1.8;-0.8
1328;0.6000000000000001;-0.6;2.0;-1.0
1329;0.6000000000000001;-0.3999999999999999;-1.0;1.8
1330;0.6000000000000001;-0.3999999999999999;-0.8;1.6
1331;0.6000000000000001;-0.3999999999999999;-0.6;1.4
1332;0.6000000000000001;-0.3999999999999999;-0.4;1.2
1333;0.6000000000000001;-0.3999999999999999;-0.2;1.0
1334;0.6000000000000001;-0.3999999999999999;0.0;0.8
1335;0.6000000000000001;-0.3999999999999999;0.2;0.6
1336;0.6000000000000001;-0.3999999999999999;0.4;0.4
1337;0.6000000000000001;-0.3999999999999999;0.6;0.2
1338;0.6000000000000001;-0.3999999999999999;0.8;-0.0
1339;0.6000000000000001;-0.3999999999999999;1.0;-0.2
1340;0.6000000000000001;-0.3999999999999999;1.2;-0.4
1341;0.6000000000000001;-0.3999999999999999;1.4;-0.6
1342;0.6000000000000001;-0.3999999999999999;1.6;-0.8
1343;0.6000000000000001;-0.3999999999999999;1.8;-1.0
1344;0.6000000000000001;-0.19999999999999996;-1.0;1.6
1345;0.6000000000000001;-0.19999999999999996;-0.8;1.4
1346;0.6000000000000001;-0.19999999999999996;-0.6;1.2
1347;0.6000000000000001;-0.19999999999999996;-0.4;1.0
1348;0.6000000000000001;-0.19999999999999996;-0.2;0.8
1349;0.6000000000000001;-0.19999999999999996;0.0;0.6
1350;0.6000000000000001;-0.19999999999999996;0.2;0.4
1351;0.6000000000000001;-0.19999999999999996;0.4;0.2
1352;0.6000000000000001;-0.19999999999999996;0.6;-0.0
1353;0.6000000000000001;-0.19999999999999996;0.8;-0.2
1354;0.6000000000000001;-0.19999999999999996;1.0;-0.4
1355;0.6000000000000001;-0.19999999999999996;1.2;-0.6
1356;0.6000000000000001;-0.19999999999999996;1.4;-0.8
1357;0.6000000000000001;-0.19999999999999996;1.6;-1.0
1358;0.6000000000000001;0.0;-1.0;1.4
1359;0.6000000000000001;0.0;-0.8;1.2
1360;0.6000000000000001;0.0;-0.6;1.0
1361;0.6000000000000001;0.0;-0.4;0.8
1362;0.6000000000000001;0.0;-0.2;0.6
1363;0.6000000000000001;0.0;0.0;0.4
1364;0.6000000000000001;0.0;0.2;0.2
1365;0.6000000000000001;0.0;0.4;-0.0
1366;0.6000000000000001;0.0;0.6;-0.2
1367;0.6000000000000001;0.0;0.8;-0.4
1368;0.6000000000000001;0.0;1.0;-0.6
1369;0.6000000000000001;0.0;1.2;-0.8
1370;0.6000000000000001;0.0;1.4;-1.0
1371;0.6000000000000001;0.20000000000000018;-1.0;1.2
1372;0.6000000000000001;0.20000000000000018;-0.8;1.0
1373;0.6000000000000001;0.20000000000000018;-0.6;0.8
1374;0.6000000000000001;0.20000000000000018;-0.4;0.6
1375;0.6000000000000001;0.20000000000000018;-0.2;0.4
1376;0.6000000000000001;0.20000000000000018;0.0;0.2
1377;0.6000000000000001;0.20000000000000018;0.2;-0.0
1378;0.6000000000000001;0.20000000000000018;0.4;-0.2
1379;0.6000000000000001;0.20000000000000018;0.6;-0.4
1380;0.6000000000000001;0.20000000000000018;0.8;-0.6
1381;0.6000000000000001;0.20000000000000018;1.0;-0.8
1382;0.6000000000000001;0.20000000000000018;1.2;-1.0
1383;0.6000000000000001;0.40000000000000013;-1.0;1.0
1384;0.6000000000000001;0.40000000000000013;-0.8;0.8
1385;0.6000000000000001;0.40000000000000013;-0.6;0.6
1386;0.6000000000000001;0.40000000000000013;-0.4;0.4
1387;0.6000000000000001;0.40000000000000013;-0.2;0.2
1388;0.6000000000000001;0.40000000000000013;0.0;-0.0
1389;0.6000000000000001;0.40000000000000013;0.2;-0.2
1390;0.6000000000000001;0.40000000000000013;0.4;-0.4
1391;0.6000000000000001;0.40000000000000013;0.6;-0.6
1392;0.6000000000000001;0.40000000000000013;0.8;-0.8
1393;0.6000000000000001;0.40000000000000013;1.0;-1.0
1394;0.6000000000000001;0.6000000000000001;-1.0;0.8
1395;0.6000000000000001;0.6000000000000001;-0.8;0.6
1396;0.6000000000000001;0.6000000000000001;-0.6;0.4
1397;0.6000000000000001;0.6000000000000001;-0.4;0.2
1398;0.6000000000000001;0.6000000000000001;-0.2;-0.0
1399;0.6000000000000001;0.6000000000000001;0.0;-0.2
1400;0.6000000000000001;0.6000000000000001;0.2;-0.4
1401;0.6000000000000001;0.6000000000000001;0.4;-0.6
1402;0.6000000000000001;0.6000000000000001;0.6;-0.8
1403;0.6000000000000001;0.6000000000000001;0.8;-1.0
1404;0.6000000000000001;0.8;-1.0;0.6
1405;0.6000000000000001;0.8;-0.8;0.4
1406;0.6000000000000001;0.8;-0.6;0.2
1407;0.6000000000000001;0.8;-0.4;-0.0
1408;0.6000000000000001;0.8;-0.2;-0.2
1409;0.6000000000000001;0.8;0.0;-0.4
1410;0.6000000000000001;0.8;0.2;-0.6
1411;0.6000000000000001;0.8;0.4;-0.8
1412;0.6000000000000001;0.8;0.6;-1.0
1413;0.6000000000000001;1.0;-1.0;0.4
1414;0.6000000000000001;1.0;-0.8;0.2
1415;0.6000000000000001;1.0;-0.6;-0.0
1416;0.6000000000000001;1.0;-0.4;-0.2
1417;0.6000000000000001;1.0;-0.2;-0.4
1418;0.6000000000000001;1.0;0.0;-0.6
1419;0.6000000000000001;1.0;0.2;-0.8
1420;0.6000000000000001;1.0;0.4;-1.0
1421;0.6000000000000001;1.2000000000000002;-1.0;0.2
1422;0.6000000000000001;1.2000000000000002;-0.8;-0.0
1423;0.6000000000000001;1.2000000000000002;-0.6;-0.2
1424;0.6000000000000001;1.2000000000000002;-0.4;-0.4
1425;0.6000000000000001;1.2000000000000002;-0.2;-0.6
1426;0.6000000000000001;1.2000000000000002;0.0;-0.8
1427;0.6000000000000001;1.2000000000000002;0.2;-1.0
1428;0.6000000000000001;1.4000000000000004;-1.0;-0.0
1429;0.6000000000000001;1.4000000000000004;-0.8;-0.2
1430;0.6000000000000001;1.4000000000000004;-0.6;-0.4
1431;0.6000000000000001;1.4000000000000004;-0.4;-0.6
1432;0.6000000000000001;1.4000000000000004;-0.2;-0.8
1433;0.6000000000000001;1.4000000000000004;0.0;-1.0
1434;0.8;-1.0;-0.8;2.0
1435;0.8;-1.0;-0.6;1.8
1436;0.8;-1.0;-0.4;1.6
1437;0.8;-1.0;-0.2;1.4
1438;0.8;-1.0;0.0;1.2
1439;0.8;-1.0;0.2;1.0
1440;0.8;-1.0;0.4;0.8
1441;0.8;-1.0;0.6;0.6
1442;0.8;-1.0;0.8;0.4
1443;0.8;-1.0;1.0;0.2
1444;0.8;-1.0;1.2;0.0
1445;0.8;-1.0;1.4;-0.2
1446;0.8;-1.0;1.6;-0.4
1447;0.8;-1.0;1.8;-0.6
1448;0.8;-1.0;2.0;-0.8
1449;0.8;-0.8;-1.0;2.0
1450;0.8;-0.8;-0.8;1.8
1451;0.8;-0.8;-0.6;1.6
1452;0.8;-0.8;-0.4;1.4
1453;0.8;-0.8;-0.2;1.2
1454;0.8;-0.8;0.0;1.0
1455;0.8;-0.8;0.2;0.8
1456;0.8;-0.8;0.4;0.6
1457;0.8;-0.8;0.6;0.4
1458;0.8;-0.8;0.8;0.2
1459;0.8;-0.8;1.0;0.0
1460;0.8;-0.8;1.2;-0.2
1461;0.8;-0.8;1.4;-0.4
1462;0.8;-0.8;1.6;-0.6
1463;0.8;-0.8;1.8;-0.8
1464;0.8;-0.8;2.0;-1.0
1465;0.8;-0.6;-1.0;1.8
1466;0.8;-0.6;-0.8;1.6
1467;0.8;-0.6;-0.6;1.4
1468;0.8;-0.6;-0.4;1.2
1469;0.8;-0.6;-0.2;1.0
1470;0.8;-0.6;0.0;0.8
1471;0.8;-0.6;0.2;0.6
1472;0.8;-0.6;0.4;0.4
1473;0.8;-0.6;0.6;0.2
1474;0.8;-0.6;0.8;-0.0
1475;0.8;-0.6;1.0;-0.2
1476;0.8;-0.6;1.2;-0.4
1477;0.8;-0.6;1.4;-0.6
1478;0.8;-0.6;1.6;-0.8
1479;0.8;-0.6;1.8;-1.0
1480;0.8;-0.3999999999999999;-1.0;1.6
1481;0.8;-0.3999999999999999;-0.8;1.4
1482;0.8;-0.3999999999999999;-0.6;1.2
1483;0.8;-0.3999999999999999;-0.4;1.0
1484;0.8;-0.3999999999999999;-0.2;0.8
1485;0.8;-0.3999999999999999;0.0;0.6
1486;0.8;-0.3999999999999999;0.2;0.4
1487;0.8;-0.3999999999999999;0.4;0.2
1488;0.8;-0.3999999999999999;0.6;-0.0
1489;0.8;-0.3999999999999999;0.8;-0.2
1490;0.8;-0.3999999999999999;1.0;-0.4
1491;0.8;-0.3999999999999999;1.2;-0.6
1492;0.8;-0.3999999999999999;1.4;-0.8
1493;0.8;-0.3999999999999999;1.6;-1.0
1494;0.8;-0.19999999999999996;-1.0;1.4
1495;0.8;-0.19999999999999996;-0.8;1.2
1496;0.8;-0.19999999999999996;-0.6;1.0
1497;0.8;-0.19999999999999996;-0.4;0.8
1498;0.8;-0.19999999999999996;-0.2;0.6
1499;0.8;-0.19999999999999996;0.0;0.4
1500;0.8;-0.19999999999999996;0.2;0.2
1501;0.8;-0.19999999999999996;0.4;-0.0
1502;0.8;-0.19999999999999996;0.6;-0.2
1503;0.8;-0.19999999999999996;0.8;-0.4
1504;0.8;-0.19999999999999996;1.0;-0.6
1505;0.8;-0.19999999999999996;1.2;-0.8
1506;0.8;-0.19999999999999996;1.4;-1.0
1507;0.8;0.0;-1.0;1.2
1508;0.8;0.0;-0.8;1.0
1509;0.8;0.0;-0.6;0.8
1510;0.8;0.0;-0.4;0.6
1511;0.8;0.0;-0.2;0.4
1512;0.8;0.0;0.0;0.2
1513;0.8;0.0;0.2;-0.0
1514;0.8;0.0;0.4;-0.2
1515;0.8;0.0;0.6;-0.4
1516;0.8;0.0;0.8;-0.6
1517;0.8;0.0;1.0;-0.8
1518;0.8;0.0;1.2;-1.0
1519;0.8;0.20000000000000018;-1.0;1.0
1520;0.8;0.20000000000000018;-0.8;0.8
1521;0.8;0.20000000000000018;-0.6;0.6
1522;0.8;0.20000000000000018;-0.4;0.4
1523;0.8;0.20000000000000018;-0.2;0.2
1524;0.8;0.20000000000000018;0.0;-0.0
1525;0.8;0.20000000000000018;0.2;-0.2
1526;0.8;0.20000000000000018;0.4;-0.4
1527;0.8;0.20000000000000018;0.6;-0.6
1528;0.8;0.20000000000000018;0.8;-0.8
1529;0.8;0.20000000000000018;1.0;-1.0
1530;0.8;0.40000000000000013;-1.0;0.8
1531;0.8;0.40000000000000013;-0.8;0.6
1532;0.8;0.40000000000000013;-0.6;0.4
1533;0.8;0.40000000000000013;-0.4;0.2
1534;0.8;0.40000000000000013;-0.2;-0.0
1535;0.8;0.40000000000000013;0.0;-0.2
1536;0.8;0.40000000000000013;0.2;-0.4
1537;0.8;0.40000000000000013;0.4;-0.6
1538;0.8;0.40000000000000013;0.6;-0.8
1539;0.8;0.40000000000000013;0.8;-1.0
1540;0.8;0.6000000000000001;-1.0;0.6
1541;0.8;0.6000000000000001;-0.8;0.4
1542;0.8;0.6000000000000001;-0.6;0.2
1543;0.8;0.6000000000000001;-0.4;-0.0
1544;0.8;0.6000000000000001;-0.2;-0.2
1545;0.8;0.6000000000000001;0.0;-0.4
1546;0.8;0.6000000000000001;0.2;-0.6
1547;0.8;0.6000000000000001;0.4;-0.8
1548;0.8;0.6000000000000001;0.6;-1.0
1549;0.8;0.8;-1.0;0.4
1550;0.8;0.8;-0.8;0.2
1551;0.8;0.8;-0.6;-0.0
1552;0.8;0.8;-0.4;-0.2
1553;0.8;0.8;-0.2;-0.4
1554;0.8;0.8;0.0;-0.6
1555;0.8;0.8;0.2;-0.8
1556;0.8;0.8;0.4;-1.0
1557;0.8;1.0;-1.0;0.2
1558;0.8;1.0;-0.8;-0.0
1559;0.8;1.0;-0.6;-0.2
1560;0.8;1.0;-0.4;-0.4
1561;0.8;1.0;-0.2;-0.6
1562;0.8;1.0;0.0;-0.8
1563;0.8;1.0;0.2;-1.0
1564;0.8;1.2000000000000002;-1.0;0.0
1565;0.8;1.2000000000000002;-0.8;-0.2
1566;0.8;1.2000000000000002;-0.6;-0.4
1567;0.8;1.2000000000000002;-0.4;-0.6
1568;0.8;1.2000000000000002;-0.2;-0.8
1569;0.8;1.2000000000000002;0.0;-1.0
1570;1.0;0.0;0.0;0.0
1571;1.2000000000000002;-1.0;-1.0;1.8
1572;1.2000000000000002;-1.0;-0.8;1.6
1573;1.2000000000000002;-1.0;-0.6;1.4
1574;1.2000000000000002;-1.0;-0.4;1.2
1575;1.2000000000000002;-1.0;-0.2;1.0
1576;1.2000000000000002;-1.0;0.0;0.8
1577;1.2000000000000002;-1.0;0.2;0.6
1578;1.2000000000000002;-1.0;0.4;0.4
1579;1.2000000000000002;-1.0;0.6;0.2
1580;1.2000000000000002;-1.0;0.8;-0.0
1581;1.2000000000000002;-1.0;1.0;-0.2
1582;1.2000000000000002;-1.0;1.2;-0.4
1583;1.2000000000000002;-1.0;1.4;-0.6
1584;1.2000000000000002;-1.0;1.6;-0.8
1585;1.2000000000000002;-1.0;1.8;-1.0
1586;1.2000000000000002;-0.8;-1.0;1.6
1587;1.2000000000000002;-0.8;-0.8;1.4
1588;1.2000000000000002;-0.8;-0.6;1.2
1589;1.2000000000000002;-0.8;-0.4;1.0
1590;1.2000000000000002;-0.8;-0.2;0.8
1591;1.2000000000000002;-0.8;0.0;0.6
1592;1.2000000000000002;-0.8;0.2;0.4
1593;1.2000000000000002;-0.8;0.4;0.2
1594;1.2000000000000002;-0.8;0.6;-0.0
1595;1.2000000000000002;-0.8;0.8;-0.2
1596;1.2000000000000002;-0.8;1.0;-0.4
1597;1.2000000000000002;-0.8;1.2;-0.6
1598;1.2000000000000002;-0.8;1.4;-0.8
1599;1.2000000000000002;-0.8;1.6;-1.0
1600;1.2000000000000002;-0.6;-1.0;1.4
1601;1.2000000000000002;-0.6;-0.8;1.2
1602;1.2000000000000002;-0.6;-0.6;1.0
1603;1.2000000000000002;-0.6;-0.4;0.8
1604;1.2000000000000002;-0.6;-0.2;0.6
1605;1.2000000000000002;-0.6;0.0;0.4
1606;1.2000000000000002;-0.6;0.2;0.2
1607;1.2000000000000002;-0.6;0.4;-0.0
1608;1.2000000000000002;-0.6;0.6;-0.2
1609;1.2000000000000002;-0.6;0.8;-0.4
1610;1.2000000000000002;-0.6;1.0;-0.6
1611;1.2000000000000002;-0.6;1.2;-0.8
1612;1.2000000000000002;-0.6;1.4;-1.0
1613;1.2000000000000002;-0.3999999999999999;-1.0;1.2
1614;1.2000000000000002;-0.3999999999999999;-0.8;1.0
1615;1.2000000000000002;-0.3999999999999999;-0.6;0.8
1616;1.2000000000000002;-0.3999999999999999;-0.4;0.6
1617;1.2000000000000002;-0.3999999999999999;-0.2;0.4
1618;1.2000000000000002;-0.3999999999999999;0.0;0.2
1619;1.2000000000000002;-0.3999999999999999;0.2;-0.0
1620;1.2000000000000002;-0.3999999999999999;0.4;-0.2
1621;1.2000000000000002;-0.3999999999999999;0.6;-0.4
1622;1.2000000000000002;-0.3999999999999999;0.8;-0.6
1623;1.2000000000000002;-0.3999999999999999;1.0;-0.8
1624;1.2000000000000002;-0.3999999999999999;1.2;-1.0
1625;1.2000000000000002;-0.19999999999999996;-1.0;1.0
1626;1.2000000000000002;-0.19999999999999996;-0.8;0.8
1627;1.2000000000000002;-0.19999999999999996;-0.6;0.6
1628;1.2000000000000002;-0.19999999999999996;-0.4;0.4
1629;1.2000000000000002;-0.19999999999999996;-0.2;0.2
1630;1.2000000000000002;-0.19999999999999996;0.0;-0.0
1631;1.2000000000000002;-0.19999999999999996;0.2;-0.2
1632;1.2000000000000002;-0.19999999999999996;0.4;-0.4
1633;1.2000000000000002;-0.19999999999999996;0.6;-0.6
1634;1.2000000000000002;-0.19999999999999996;0.8;-0.8
1635;1.2000000000000002;-0.19999999999999996;1.0;-1.0
1636;1.2000000000000002;0.0;-1.0;0.8
1637;1.2000000000000002;0.0;-0.8;0.6
1638;1.2000000000000002;0.0;-0.6;0.4
1639;1.2000000000000002;0.0;-0.4;0.2
1640;1.2000000000000002;0.0;-0.2;-0.0
1641;1.2000000000000002;0.0;0.0;-0.2
1642;1.2000000000000002;0.0;0.2;-0.4
1643;1.2000000000000002;0.0;0.4;-0.6
1644;1.2000000000000002;0.0;0.6;-0.8
1645;1.2000000000000002;0.0;0.8;-1.0
1646;1.2000000000000002;0.20000000000000018;-1.0;0.6
1647;1.2000000000000002;0.20000000000000018;-0.8;0.4
1648;1.2000000000000002;0.20000000000000018;-0.6;0.2
1649;1.2000000000000002;0.20000000000000018;-0.4;-0.0
1650;1.2000000000000002;0.20000000000000018;-0.2;-0.2
1651;1.2000000000000002;0.20000000000000018;0.0;-0.4
1652;1.2000000000000002;0.20000000000000018;0.2;-0.6
1653;1.2000000000000002;0.20000000000000018;0.4;-0.8
1654;1.2000000000000002;0.20000000000000018;0.6;-1.0
1655;1.2000000000000002;0.40000000000000013;-1.0;0.4
1656;1.2000000000000002;0.40000000000000013;-0.8;0.2
1657;1.2000000000000002;0.40000000000000013;-0.6;-0.0
1658;1.2000000000000002;0.40000000000000013;-0.4;-0.2
1659;1.2000000000000002;0.40000000000000013;-0.2;-0.4
1660;1.2000000000000002;0.40000000000000013;0.0;-0.6
1661;1.2000000000000002;0.40000000000000013;0.2;-0.8
1662;1.2000000000000002;0.40000000000000013;0.4;-1.0
1663;1.2000000000000002;0.6000000000000001;-1.0;0.2
1664;1.2000000000000002;0.6000000000000001;-0.8;-0.0
1665;1.2000000000000002;0.6000000000000001;-0.6;-0.2
1666;1.2000000000000002;0.6000000000000001;-0.4;-0.4
1667;1.2000000000000002;0.6000000000000001;-0.2;-0.6
1668;1.2000000000000002;0.6000000000000001;0.0;-0.8
1669;1.2000000000000002;0.6000000000000001;0.2;-1.0
1670;1.2000000000000002;0.8;-1.0;0.0
1671;1.2000000000000002;0.8;-0.8;-0.2
1672;1.2000000000000002;0.8;-0.6;-0.4
1673;1.2000000000000002;0.8;-0.4;-0.6
1674;1.2000000000000002;0.8;-0.2;-0.8
1675;1.2000000000000002;0.8;0.0;-1.0
1676;1.4000000000000004;-1.0;-1.0;1.6
1677;1.4000000000000004;-1.0;-0.8;1.4
1678;1.4000000000000004;-1.0;-0.6;1.2
1679;1.4000000000000004;-1.0;-0.4;1.0
1680;1.4000000000000004;-1.0;-0.2;0.8
1681;1.4000000000000004;-1.0;0.0;0.6
1682;1.4000000000000004;-1.0;0.2;0.4
1683;1.4000000000000004;-1.0;0.4;0.2
1684;1.4000000000000004;-1.0;0.6;-0.0
1685;1.4000000000000004;-1.0;0.8;-0.2
1686;1.4000000000000004;-1.0;1.0;-0.4
1687;1.4000000000000004;-1.0;1.2;-0.6
1688;1.4000000000000004;-1.0;1.4;-0.8
1689;1.4000000000000004;-1.0;1.6;-1.0
1690;1.4000000000000004;-0.8;-1.0;1.4
1691;1.4000000000000004;-0.8;-0.8;1.2
1692;1.4000000000000004;-0.8;-0.6;1.0
1693;1.4000000000000004;-0.8;-0.4;0.8
1694;1.4000000000000004;-0.8;-0.2;0.6
1695;1.4000000000000004;-0.8;0.0;0.4
1696;1.4000000000000004;-0.8;0.2;0.2
1697;1.4000000000000004;-0.8;0.4;-0.0
1698;1.4000000000000004;-0.8;0.6;-0.2
1699;1.4000000000000004;-0.8;0.8;-0.4
1700;1.4000000000000004;-0.8;1.0;-0.6
1701;1.4000000000000004;-0.8;1.2;-0.8
1702;1.4000000000000004;-0.8;1.4;-1.0
1703;1.4000000000000004;-0.6;-1.0;1.2
1704;1.4000000000000004;-0.6;-0.8;1.0
1705;1.4000000000000004;-0.6;-0.6;0.8
1706;1.4000000000000004;-0.6;-0.4;0.6
1707;1.4000000000000004;-0.6;-0.2;0.4
1708;1.4000000000000004;-0.6;0.0;0.2
1709;1.4000000000000004;-0.6;0.2;-0.0
1710;1.4000000000000004;-0.6;0.4;-0.2
1711;1.4000000000000004;-0.6;0.6;-0.4
1712;1.4000000000000004;-0.6;0.8;-0.6
1713;1.4000000000000004;-0.6;1.0;-0.8
1714;1.4000000000000004;-0.6;1.2;-1.0
1715;1.4000000000000004;-0.3999999999999999;-1.0;1.0
1716;1.4000000000000004;-0.3999999999999999;-0.8;0.8
1717;1.4000000000000004;-0.3999999999999999;-0.6;0.6
1718;1.4000000000000004;-0.3999999999999999;-0.4;0.4
1719;1.4000000000000004;-0.3999999999999999;-0.2;0.2
1720;1.4000000000000004;-0.3999999999999999;0.0;-0.0
1721;1.4000000000000004;-0.3999999999999999;0.2;-0.2
1722;1.4000000000000004;-0.3999999999999999;0.4;-0.4
1723;1.4000000000000004;-0.3999999999999999;0.6;-0.6
1724;1.4000000000000004;-0.3999999999999999;0.8;-0.8
1725;1.4000000000000004;-0.3999999999999999;1.0;-1.0
1726;1.4000000000000004;-0.19999999999999996;-1.0;0.8
1727;1.4000000000000004;-0.19999999999999996;-0.8;0.6
1728;1.4000000000000004;-0.19999999999999996;-0.6;0.4
1729;1.4000000000000004;-0.19999999999999996;-0.4;0.2
1730;1.4000000000000004;-0.19999999999999996;-0.2;-0.0
1731;1.4000000000000004;-0.19999999999999996;0.0;-0.2
1732;1.4000000000000004;-0.19999999999999996;0.2;-0.4
1733;1.4000000000000004;-0.19999999999999996;0.4;-0.6
1734;1.4000000000000004;-0.19999999999999996;0.6;-0.8
1735;1.4000000000000004;-0.19999999999999996;0.8;-1.0
1736;1.4000000000000004;0.0;-1.0;0.6
1737;1.4000000000000004;0.0;-0.8;0.4
1738;1.4000000000000004;0.0;-0.6;0.2
1739;1.4000000000000004;0.0;-0.4;-0.0
1740;1.4000000000000004;0.0;-0.2;-0.2
1741;1.4000000000000004;0.0;0.0;-0.4
1742;1.4000000000000004;0.0;0.2;-0.6
1743;1.4000000000000004;0.0;0.4;-0.8
1744;1.4000000000000004;0.0;0.6;-1.0
1745;1.4000000000000004;0.20000000000000018;-1.0;0.4
1746;1.4000000000000004;0.20000000000000018;-0.8;0.2
1747;1.4000000000000004;0.20000000000000018;-0.6;-0.0
1748;1.4000000000000004;0.20000000000000018;-0.4;-0.2
1749;1.4000000000000004;0.20000000000000018;-0.2;-0.4
1750;1.4000000000000004;0.20000000000000018;0.0;-0.6
1751;1.4000000000000004;0.20000000000000018;0.2;-0.8
1752;1.4000000000000004;0.20000000000000018;0.4;-1.0
1753;1.4000000000000004;0.40000000000000013;-1.0;0.2
1754;1.4000000000000004;0.40000000000000013;-0.8;-0.0
1755;1.4000000000000004;0.40000000000000013;-0.6;-0.2
1756;1.4000000000000004;0.40000000000000013;-0.4;-0.4
1757;1.4000000000000004;0.40000000000000013;-0.2;-0.6
1758;1.4000000000000004;0.40000000000000013;0.0;-0.8
1759;1.4000000000000004;0.40000000000000013;0.2;-1.0
1760;1.4000000000000004;0.6000000000000001;-1.0;-0.0
1761;1.4000000000000004;0.6000000000000001;-0.8;-0.2
1762;1.4000000000000004;0.6000000000000001;-0.6;-0.4
1763;1.4000000000000004;0.6000000000000001;-0.4;-0.6
1764;1.4000000000000004;0.6000000000000001;-0.2;-0.8
1765;1.4000000000000004;0.6000000000000001;0.0;-1.0
1766;1.6;-1.0;-1.0;1.4
1767;1.6;-1.0;-0.8;1.2
1768;1.6;-1.0;-0.6;1.0
1769;1.6;-1.0;-0.4;0.8
1770;1.6;-1.0;-0.2;0.6
1771;1.6;-1.0;0.0;0.4
1772;1.6;-1.0;0.2;0.2
1773;1.6;-1.0;0.4;-0.0
1774;1.6;-1.0;0.6;-0.2
1775;1.6;-1.0;0.8;-0.4
1776;1.6;-1.0;1.0;-0.6
1777;1.6;-1.0;1.2;-0.8
1778;1.6;-1.0;1.4;-1.0
1779;1.6;-0.8;-1.0;1.2
1780;1.6;-0.8;-0.8;1.0
1781;1.6;-0.8;-0.6;0.8
1782;1.6;-0.8;-0.4;0.6
1783;1.6;-0.8;-0.2;0.4
1784;1.6;-0.8;0.0;0.2
1785;1.6;-0.8;0.2;-0.0
1786;1.6;-0.8;0.4;-0.2
1787;1.6;-0.8;0.6;-0.4
1788;1.6;-0.8;0.8;-0.6
1789;1.6;-0.8;1.0;-0.8
1790;1.6;-0.8;1.2;-1.0
1791;1.6;-0.6;0.0;0.0
1792;1.6;-0.3999999999999999;-1.0;0.8
1793;1.6;-0.3999999999999999;-0.8;0.6
1794;1.6;-0.3999999999999999;-0.6;0.4
1795;1.6;-0.3999999999999999;-0.4;0.2
1796;1.6;-0.3999999999999999;-0.2;-0.0
1797;1.6;-0.3999999999999999;0.0;-0.2
1798;1.6;-0.3999999999999999;0.2;-0.4
1799;1.6;-0.3999999999999999;0.4;-0.6
1800;1.6;-0.3999999999999999;0.6;-0.8
1801;1.6;-0.3999999999999999;0.8;-1.0
1802;1.6;-0.19999999999999996;-1.0;0.6
1803;1.6;-0.19999999999999996;-0.8;0.4
1804;1.6;-0.19999999999999996;-0.6;0.2
1805;1.6;-0.19999999999999996;-0.4;-0.0
1806;1.6;-0.19999999999999996;-0.2;-0.2
1807;1.6;-0.19999999999999996;0.0;-0.4
1808;1.6;-0.19999999999999996;0.2;-0.6
1809;1.6;-0.19999999999999996;0.4;-0.8
1810;1.6;-0.19999999999999996;0.6;-1.0
1811;1.6;0.0;-1.0;0.4
1812;1.6;0.0;-0.8;0.2
1813;1.6;0.0;-0.6;-0.0
1814;1.6;0.0;-0.4;-0.2
1815;1.6;0.0;-0.2;-0.4
1816;1.6;0.0;0.0;-0.6
1817;1.6;0.0;0.2;-0.8
1818;1.6;0.0;0.4;-1.0
1819;1.6;0.20000000000000018;-1.0;0.2
1820;1.6;0.20000000000000018;-0.8;-0.0
1821;1.6;0.20000000000000018;-0.6;-0.2
1822;1.6;0.20000000000000018;-0.4;-0.4
1823;1.6;0.20000000000000018;-0.2;-0.6
1824;1.6;0.20000000000000018;0.0;-0.8
1825;1.6;0.20000000000000018;0.2;-1.0
1826;1.6;0.40000000000000013;-1.0;0.0
1827;1.6;0.40000000000000013;-0.8;-0.2
1828;1.6;0.40000000000000013;-0.6;-0.4
1829;1.6;0.40000000000000013;-0.4;-0.6
1830;1.6;0.40000000000000013;-0.2;-0.8
1831;1.6;0.40000000000000013;0.0;-1.0
1832;1.8000000000000003;-1.0;-1.0;1.2
1833;1.8000000000000003;-1.0;-0.8;1.0
1834;1.8000000000000003;-1.0;-0.6;0.8
1835;1.8000000000000003;-1.0;-0.4;0.6
1836;1.8000000000000003;-1.0;-0.2;0.4
1837;1.8000000000000003;-1.0;0.0;0.2
1838;1.8000000000000003;-1.0;0.2;-0.0
1839;1.8000000000000003;-1.0;0.4;-0.2
1840;1.8000000000000003;-1.0;0.6;-0.4
1841;1.8000000000000003;-1.0;0.8;-0.6
1842;1.8000000000000003;-1.0;1.0;-0.8
1843;1.8000000000000003;-1.0;1.2;-1.0
1844;1.8000000000000003;-0.8;-1.0;1.0
1845;1.8000000000000003;-0.8;-0.8;0.8
1846;1.8000000000000003;-0.8;-0.6;0.6
1847;1.8000000000000003;-0.8;-0.4;0.4
1848;1.8000000000000003;-0.8;-0.2;0.2
1849;1.8000000000000003;-0.8;0.0;-0.0
1850;1.8000000000000003;-0.8;0.2;-0.2
1851;1.8000000000000003;-0.8;0.4;-0.4
1852;1.8000000000000003;-0.8;0.6;-0.6
1853;1.8000000000000003;-0.8;0.8;-0.8
1854;1.8000000000000003;-0.8;1.0;-1.0
1855;1.8000000000000003;-0.6;-1.0;0.8
1856;1.8000000000000003;-0.6;-0.8;0.6
1857;1.8000000000000003;-0.6;-0.6;0.4
1858;1.8000000000000003;-0.6;-0.4;0.2
1859;1.8000000000000003;-0.6;-0.2;-0.0
1860;1.8000000000000003;-0.6;0.0;-0.2
1861;1.8000000000000003;-0.6;0.2;-0.4
1862;1.8000000000000003;-0.6;0.4;-0.6
1863;1.8000000000000003;-0.6;0.6;-0.8
1864;1.8000000000000003;-0.6;0.8;-1.0
1865;1.8000000000000003;-0.3999999999999999;-1.0;0.6
1866;1.8000000000000003;-0.3999999999999999;-0.8;0.4
1867;1.8000000000000003;-0.3999999999999999;-0.6;0.2
1868;1.8000000000000003;-0.3999999999999999;-0.4;-0.0
1869;1.8000000000000003;-0.3999999999999999;-0.2;-0.2
1870;1.8000000000000003;-0.3999999999999999;0.0;-0.4
1871;1.8000000000000003;-0.3999999999999999;0.2;-0.6
1872;1.8000000000000003;-0.3999999999999999;0.4;-0.8
1873;1.8000000000000003;-0.3999999999999999;0.6;-1.0
1874;1.8000000000000003;-0.19999999999999996;-1.0;0.4
1875;1.8000000000000003;-0.19999999999999996;-0.8;0.2
1876;1.8000000000000003;-0.19999999999999996;-0.6;-0.0
1877;1.8000000000000003;-0.19999999999999996;-0.4;-0.2
1878;1.8000000000000003;-0.19999999999999996;-0.2;-0.4
1879;1.8000000000000003;-0.19999999999999996;0.0;-0.6
1880;1.8000000000000003;-0.19999999999999996;0.2;-0.8
1881;1.8000000000000003;-0.19999999999999996;0.4;-1.0
1882;1.8000000000000003;0.0;-1.0;0.2
1883;1.8000000000000003;0.0;-0.8;-0.0
1884;1.8000000000000003;0.0;-0.6;-0.2
1885;1.8000000000000003;0.0;-0.4;-0.4
1886;1.8000000000000003;0.0;-0.2;-0.6
1887;1.8000000000000003;0.0;0.0;-0.8
1888;1.8000000000000003;0.0;0.2;-1.0
1889;1.8000000000000003;0.20000000000000018;-1.0;-0.0
1890;1.8000000000000003;0.20000000000000018;-0.8;-0.2
1891;1.8000000000000003;0.20000000000000018;-0.6;-0.4
1892;1.8000000000000003;0.20000000000000018;-0.4;-0.6
1893;1.8000000000000003;0.20000000000000018;-0.2;-0.8
1894;1.8000000000000003;0.20000000000000018;0.0;-1.0
1895;2.0;-1.0;0.0;0.0
1896;2.0;-0.8;-1.0;0.8
1897;2.0;-0.8;-0.8;0.6
1898;2.0;-0.8;-0.6;0.4
1899;2.0;-0.8;-0.4;0.2
1900;2.0;-0.8;-0.2;0.0
1901;2.0;-0.8;0.0;-0.2
1902;2.0;-0.8;0.2;-0.4
1903;2.0;-0.8;0.4;-0.6
1904;2.0;-0.8;0.6;-0.8
1905;2.0;-0.8;0.8;-1.0
1906;2.0;-0.6;-1.0;0.6
1907;2.0;-0.6;-0.8;0.4
1908;2.0;-0.6;-0.6;0.2
1909;2.0;-0.6;-0.4;0.0
1910;2.0;-0.6;-0.2;-0.2
1911;2.0;-0.6;0.0;-0.4
1912;2.0;-0.6;0.2;-0.6
1913;2.0;-0.6;0.4;-0.8
1914;2.0;-0.6;0.6;-1.0
1915;2.0;-0.3999999999999999;-1.0;0.4
1916;2.0;-0.3999999999999999;-0.8;0.2
1917;2.0;-0.3999999999999999;-0.6;-0.0
1918;2.0;-0.3999999999999999;-0.4;-0.2
1919;2.0;-0.3999999999999999;-0.2;-0.4
1920;2.0;-0.3999999999999999;0.0;-0.6
1921;2.0;-0.3999999999999999;0.2;-0.8
1922;2.0;-0.3999999999999999;0.4;-1.0
1923;2.0;-0.19999999999999996;-1.0;0.2
1924;2.0;-0.19999999999999996;-0.8;-0.0
1925;2.0;-0.19999999999999996;-0.6;-0.2
1926;2.0;-0.19999999999999996;-0.4;-0.4
1927;2.0;-0.19999999999999996;-0.2;-0.6
1928;2.0;-0.19999999999999996;0.0;-0.8
1929;2.0;-0.19999999999999996;0.2;-1.0
1930;2.0;0.0;-1.0;0.0
1931;2.0;0.0;-0.8;-0.2
1932;2.0;0.0;-0.6;-0.4
1933;2.0;0.0;-0.4;-0.6
1934;2.0;0.0;-0.2;-0.8
1935;2.0;0.0;0.0;-1.0
